"","go_id","Term","Definition","p.values","Genes"
"3182","GO:0002028","regulation of sodium ion transport","Any process that modulates the frequency, rate or extent of the directed movement of sodium ions (Na+) into, out of or within a cell, or between cells, by means of some agent such as a transporter or pore.",6.47516036645262e-08,"c(""10723"", ""1080"", ""10861"", ""115019"", ""116369"", ""1179"", ""1181"", ""1182"", ""1183"", ""1184"", ""1186"", ""1187"", ""1188"", ""1192"", ""1193"", ""121601"", ""144453"", ""1811"", ""1836"", ""196527"", ""203859"", ""22802"", ""23155"", ""2554"", ""2555"", ""2556"", ""2557"", ""2559"", ""2560"", ""2561"", ""2563"", ""2564"", ""2565"", ""2567"", ""2568"", ""2570"", ""25932"", ""266675"", ""2741"", ""2742"", ""2743"", ""284129"", ""338440"", ""441509"", ""50636"", ""51449"", ""5172"", ""5348"", ""5349"", ""54102"", ""54831"", ""55107"", ""55129"", ""56923"", ""57030"", ""57101"", ""57348"", ""57719"", 
""65010"", ""65012"", ""6508"", ""6509"", ""6521"", ""6522"", ""6557"", ""6558"", ""6559"", ""6560"", ""7809"", ""8001"", ""80727"", ""84561"", ""8542"", ""9022"", ""9635"", ""9990"")"
"16626","GO:0006883","cellular sodium ion homeostasis","Any process involved in the maintenance of an internal steady state of sodium ions at the level of a cell.",0.00640822151690527,"c(""100533105"", ""10058"", ""10110"", ""10134"", ""10312"", ""10345"", ""10367"", ""10479"", ""10518"", ""10523"", ""10563"", ""10568"", ""10590"", ""10672"", ""10686"", ""10723"", ""10724"", ""1080"", ""10800"", ""10803"", ""10861"", ""10911"", ""10989"", ""111"", ""11151"", ""11261"", ""113235"", ""1139"", ""114781"", ""114897"", ""115019"", ""1152"", ""116369"", ""117"", ""1182"", ""118980"", ""1193"", ""119559"", ""1203"", ""121665"", ""1232"", ""1233"", ""1235"", ""1236"", ""127124"", ""1312"", ""1317"", ""1318"", ""133"", ""1356"", ""142680"", ""146"", ""147138"", ""148"", ""148738"", ""148867"", ""150684"", 
""1535"", ""1585"", ""160335"", ""1604"", ""169200"", ""1729"", ""1742"", ""1756"", ""1760"", ""177"", ""1811"", ""1812"", ""1813"", ""1816"", ""183"", ""1836"", ""185"", ""186"", ""1901"", ""1903"", ""1906"", ""1907"", ""1908"", ""1909"", ""1910"", ""1991"", ""201140"", ""2034"", ""2038"", ""2053"", ""2056"", ""2099"", ""212"", ""2147"", ""2149"", ""2150"", ""2185"", ""219855"", ""219931"", ""22"", ""2206"", ""221154"", ""2235"", ""2247"", ""2264"", ""2281"", ""22953"", ""23075"", ""23315"", ""23327"", ""23400"", ""23479"", ""23516"", ""23545"", ""23566"", ""23627"", ""23678"", ""2395"", ""245972"", ""245973"", ""2495"", 
""25"", ""2512"", ""25769"", ""25800"", ""25932"", ""25998"", ""261729"", ""2624"", ""26504"", ""26872"", ""2696"", ""2697"", ""27"", ""27020"", ""27032"", ""27035"", ""27102"", ""27113"", ""27185"", ""2769"", ""2780"", ""2782"", ""2826"", ""282679"", ""2829"", ""2833"", ""2835"", ""284129"", ""284612"", ""2847"", ""285195"", ""2852"", ""286133"", ""2863"", ""287"", ""288"", ""28952"", ""2898"", ""28982"", ""2902"", ""2907"", ""2911"", ""2946"", ""30001"", ""3060"", ""3064"", ""3074"", ""3077"", ""309"", ""3091"", ""30968"", ""310"", ""3146"", ""3162"", ""3163"", ""3263"", ""3270"", ""331"", ""334"", ""3356"", ""3357"", 
""3358"", ""344905"", ""348"", ""351"", ""3558"", ""356"", ""3596"", ""3658"", ""3708"", ""3710"", ""3717"", ""3736"", ""3741"", ""375"", ""3757"", ""3759"", ""3766"", ""3777"", ""3778"", ""3791"", ""3792"", ""3814"", ""3827"", ""387129"", ""389015"", ""3932"", ""3934"", ""4057"", ""4067"", ""4089"", ""4097"", ""4241"", ""4308"", ""444"", ""4504"", ""4609"", ""4682"", ""475"", ""4756"", ""476"", ""477"", ""478"", ""479"", ""48"", ""480"", ""481"", ""482"", ""4828"", ""483"", ""4842"", ""487"", ""488"", ""4881"", ""4886"", ""4887"", ""489"", ""4891"", ""490"", ""491"", ""492"", ""493"", ""495"", ""4988"", ""5009"", ""5021"", 
""5024"", ""5025"", ""5026"", ""5027"", ""5028"", ""5029"", ""5030"", ""506"", ""50617"", ""5071"", ""51024"", ""51076"", ""51196"", ""51289"", ""51310"", ""51312"", ""51382"", ""5144"", ""5145"", ""51458"", ""5156"", ""51606"", ""5164"", ""5166"", ""5167"", ""5170"", ""5172"", ""51738"", ""523"", ""525"", ""526"", ""528"", ""529"", ""5291"", ""5310"", ""5311"", ""5314"", ""5319"", ""533"", ""5335"", ""5336"", ""534"", ""5348"", ""535"", ""5350"", ""537"", ""5371"", ""538"", ""540"", ""54020"", ""54734"", ""54757"", ""54822"", ""54982"", ""55013"", ""55177"", ""55240"", ""553"", ""5538"", ""554"", ""55532"", ""55630"", 
""55647"", ""5566"", ""55676"", ""5578"", ""5579"", ""5581"", ""55858"", ""5587"", ""5621"", ""56261"", ""5663"", ""567"", ""56704"", ""56898"", ""56923"", ""57003"", ""57030"", ""57053"", ""57113"", ""57130"", ""57158"", ""57192"", ""57214"", ""57217"", ""57282"", ""5733"", ""57338"", ""57402"", ""5741"", ""57419"", ""5745"", ""57620"", ""5777"", ""578"", ""57835"", ""5788"", ""581"", ""5816"", ""5837"", ""5910"", ""59340"", ""59341"", ""596"", ""6005"", ""60675"", ""623"", ""624"", ""6261"", ""6262"", ""6263"", ""6279"", ""6280"", ""6332"", ""6337"", ""6338"", ""6341"", ""6346"", ""6347"", ""6366"", ""6373"", ""6375"", 
""6387"", ""63933"", ""64072"", ""6424"", ""6446"", ""64699"", ""64924"", ""65010"", ""65012"", ""6508"", ""652"", ""6521"", ""6522"", ""654"", ""6546"", ""6547"", ""6548"", ""6549"", ""6550"", ""6553"", ""6556"", ""6557"", ""6558"", ""6559"", ""6560"", ""6569"", ""66002"", ""6622"", ""6647"", ""6781"", ""6863"", ""7009"", ""7018"", ""7021"", ""7036"", ""7037"", ""7040"", ""7052"", ""7070"", ""7137"", ""7178"", ""7184"", ""719"", ""7220"", ""7222"", ""7224"", ""7225"", ""728"", ""729230"", ""7380"", ""7466"", ""7504"", ""760"", ""766"", ""771"", ""773"", ""775"", ""7779"", ""7780"", ""7781"", ""7782"", ""785"", ""7879"", 
""79054"", ""79085"", ""7922"", ""793"", ""794"", ""79572"", ""79608"", ""79734"", ""799"", ""79901"", ""80024"", ""8048"", ""805"", ""8065"", ""80762"", ""80763"", ""811"", ""817"", ""81855"", ""825"", ""8301"", ""83416"", ""83639"", ""83697"", ""83959"", ""84239"", ""84255"", ""844"", ""845"", ""84561"", ""846"", ""84679"", ""84959"", ""8529"", ""857"", ""859"", ""8600"", ""8614"", ""8671"", ""8692"", ""8698"", ""8805"", ""8811"", ""8821"", ""886"", ""887"", ""8996"", ""90423"", ""90550"", ""9104"", ""9114"", ""91252"", ""91689"", ""9170"", ""9187"", ""9213"", ""9217"", ""9247"", ""9296"", ""930"", ""9368"", ""94033"", 
""94081"", ""94097"", ""94107"", ""9429"", ""9446"", ""9472"", ""9474"", ""9481"", ""9495"", ""9497"", ""9498"", ""952"", ""9550"", ""958"", ""9633"", ""9709"", ""9843"", ""9900"", ""9914"", ""9990"", ""9997"")"
"17271","GO:0007214","gamma-aminobutyric acid signaling pathway","The series of molecular signals generated by the binding of gamma-aminobutyric acid (GABA, 4-aminobutyrate), an amino acid which acts as a neurotransmitter in some organisms, to a cell surface receptor.",0.00565875042417108,"c(""64240"", ""64241"")"
"17369","GO:0007268","synaptic transmission","The process of communication from a neuron to a target (neuron, muscle, or secretory cell) across a synapse.",0.0071908649763929,"c(""1027"", ""10399"", ""1080"", ""10804"", ""111"", ""114131"", ""1215"", ""125111"", ""1292"", ""130399"", ""1361"", ""1392"", ""1395"", ""1432"", ""1490"", ""1508"", ""1515"", ""152"", ""1535"", ""177"", ""1946"", ""1958"", ""1967"", ""2021"", ""2029"", ""2030"", ""2033"", ""2081"", ""2185"", ""2281"", ""22841"", ""23098"", ""252983"", ""25828"", ""25942"", ""26056"", ""2621"", ""2626"", ""2641"", ""2645"", ""2695"", ""2696"", ""2697"", ""2752"", ""2822"", ""285"", ""2850"", ""2852"", ""2863"", ""2876"", ""29085"", ""2998"", ""3091"", ""3127"", ""3156"", ""3170"", ""3172"", ""336"", ""3383"", ""3554"", ""3651"", 
""3745"", ""3767"", ""3795"", ""387597"", ""388581"", ""3939"", ""3956"", ""4041"", ""408"", ""4087"", ""4221"", ""4688"", ""4760"", ""4821"", ""4825"", ""4830"", ""5019"", ""50507"", ""5076"", ""51052"", ""51092"", ""5127"", ""5165"", ""5176"", ""5208"", ""5211"", ""5290"", ""5313"", ""5328"", ""5428"", ""55107"", ""5530"", ""5532"", ""55638"", ""5566"", ""5581"", ""55829"", ""55937"", ""56652"", ""56943"", ""572"", ""5728"", ""57393"", ""57678"", ""5798"", ""5894"", ""6198"", ""6440"", ""6514"", ""6546"", ""65985"", ""6659"", ""6720"", ""6722"", ""6770"", ""6810"", ""6934"", ""7040"", ""7054"", ""7057"", ""7200"", 
""7351"", ""7494"", ""777"", ""7776"", ""80010"", ""836"", ""83667"", ""8660"", ""8890"", ""8891"", ""8892"", ""8893"", ""91942"", ""93"", ""9324"", ""9370"", ""9572"", ""9854"")"
"17586","GO:0050877","neurological system process","A organ system process carried out by any of the organs or tissues of neurological system.",0.00062405698196023,"c(""10008"", ""10050"", ""10060"", ""10142"", ""10166"", ""10242"", ""10246"", ""10312"", ""10343"", ""10345"", ""10367"", ""10368"", ""10396"", ""10463"", ""10476"", ""10479"", ""10568"", ""10632"", ""10681"", ""10723"", ""10786"", ""11060"", ""11094"", ""11141"", ""11261"", ""11280"", ""113235"", ""1134"", ""1136"", ""1138"", ""1139"", ""1140"", ""1141"", ""1142"", ""114789"", ""117155"", ""117531"", ""117532"", ""1193"", ""119395"", ""120103"", ""123591"", ""125336"", ""1258"", ""1260"", ""127124"", ""131096"", ""1317"", ""1318"", ""1327"", ""1329"", ""133308"", ""1337"", ""1340"", ""1345"", ""1349"", ""1350"", 
""1351"", ""1352"", ""1353"", ""1355"", ""1374"", ""1375"", ""1376"", ""140738"", ""140803"", ""142680"", ""148867"", ""150159"", ""150160"", ""150684"", ""1520"", ""1528"", ""153201"", ""154043"", ""160518"", ""168507"", ""169522"", ""1739"", ""1756"", ""177"", ""1785"", ""1804"", ""1813"", ""183"", ""1908"", ""196527"", ""2040"", ""2056"", ""206358"", ""219931"", ""221301"", ""2273"", ""2280"", ""2281"", ""22821"", ""22953"", ""23171"", ""23258"", ""23315"", ""23327"", ""23400"", ""23413"", ""23416"", ""23516"", ""23530"", ""23545"", ""23630"", ""23704"", ""24145"", ""245972"", ""245973"", ""254228"", ""254428"", 
""255022"", ""255231"", ""255738"", ""25769"", ""25800"", ""259232"", ""26"", ""26133"", ""2621"", ""26251"", ""26266"", ""26504"", ""267020"", ""27032"", ""27039"", ""27075"", ""27089"", ""27091"", ""27092"", ""27094"", ""27109"", ""27133"", ""27173"", ""27347"", ""2745"", ""2823"", ""283518"", ""284525"", ""285195"", ""285242"", ""285335"", ""285641"", ""286133"", ""287"", ""288"", ""2902"", ""2905"", ""29098"", ""2917"", ""2946"", ""29850"", ""29979"", ""29985"", ""29986"", ""3064"", ""30818"", ""30820"", ""30968"", ""32"", ""3249"", ""3270"", ""3306"", ""338567"", ""341947"", ""343450"", ""344905"", ""348980"", 
""3551"", ""357"", ""358"", ""3685"", ""3708"", ""3709"", ""3710"", ""3736"", ""3737"", ""3738"", ""3739"", ""3741"", ""3742"", ""3744"", ""3745"", ""3746"", ""3747"", ""3748"", ""3749"", ""375"", ""3750"", ""3751"", ""3752"", ""3754"", ""3755"", ""3756"", ""3757"", ""3758"", ""3759"", ""3760"", ""3761"", ""3762"", ""3763"", ""3764"", ""3766"", ""3767"", ""3768"", ""3769"", ""3772"", ""3773"", ""3775"", ""3776"", ""3777"", ""3778"", ""3779"", ""3781"", ""3782"", ""3783"", ""3784"", ""3785"", ""3786"", ""3788"", ""378807"", ""3790"", ""3792"", ""388591"", ""388753"", ""389015"", ""40"", ""4308"", ""4318"", ""441168"", 
""444"", ""4644"", ""4697"", ""4734"", ""475"", ""476"", ""477"", ""478"", ""479"", ""480"", ""481"", ""482"", ""483"", ""4842"", ""486"", ""487"", ""4878"", ""488"", ""489"", ""4891"", ""490"", ""491"", ""492"", ""493"", ""495"", ""496"", ""498"", ""4986"", ""4988"", ""5023"", ""5024"", ""5025"", ""5026"", ""5027"", ""506"", ""50617"", ""509"", ""51063"", ""51083"", ""51297"", ""513"", ""51312"", ""5138"", ""51393"", ""514"", ""5142"", ""51422"", ""5144"", ""51458"", ""515"", ""51606"", ""517"", ""51719"", ""51802"", ""521"", ""522"", ""523"", ""525"", ""526"", ""528"", ""5286"", ""529"", ""5310"", ""5311"", ""533"", ""5336"", 
""53373"", ""5348"", ""5349"", ""535"", ""5350"", ""537"", ""538"", ""53822"", ""53827"", ""53828"", ""539"", ""540"", ""54106"", ""54207"", ""54433"", ""54795"", ""54822"", ""54896"", ""54946"", ""54997"", ""55002"", ""55013"", ""55107"", ""55117"", ""55129"", ""55151"", ""55238"", ""55244"", ""55283"", ""55503"", ""55515"", ""55532"", ""5563"", ""55630"", ""5565"", ""5566"", ""55676"", ""55799"", ""55800"", ""5581"", ""5621"", ""56479"", ""5663"", ""56659"", ""56704"", ""57030"", ""57053"", ""57113"", ""57127"", ""57130"", ""57156"", ""57158"", ""57192"", ""57282"", ""57338"", ""57348"", ""57380"", ""57419"", 
""57463"", ""57582"", ""57620"", ""57628"", ""57657"", ""5774"", ""57835"", ""59283"", ""59284"", ""59341"", ""5978"", ""6005"", ""60598"", ""6261"", ""6262"", ""6263"", ""6271"", ""6323"", ""6326"", ""6327"", ""6328"", ""6329"", ""6330"", ""6332"", ""6335"", ""6337"", ""6338"", ""6339"", ""63895"", ""64116"", ""64805"", ""64924"", ""6505"", ""6509"", ""652"", ""6520"", ""65267"", ""65268"", ""6528"", ""6531"", ""6534"", ""6541"", ""6542"", ""6543"", ""6545"", ""6546"", ""6547"", ""6548"", ""6549"", ""6550"", ""6553"", ""6556"", ""6557"", ""6558"", ""6559"", ""6560"", ""6561"", ""6572"", ""6574"", ""6575"", ""6580"", 
""6581"", ""6582"", ""6583"", ""6584"", ""6588"", ""6640"", ""6786"", ""6833"", ""6834"", ""7220"", ""7222"", ""7224"", ""7225"", ""7226"", ""7341"", ""7384"", ""7386"", ""7388"", ""7402"", ""7442"", ""7531"", ""7533"", ""773"", ""774"", ""775"", ""776"", ""777"", ""7779"", ""7780"", ""7781"", ""7782"", ""7784"", ""779"", ""781"", ""782"", ""783"", ""785"", ""786"", ""788"", ""7881"", ""79026"", ""79041"", ""79054"", ""7922"", ""79572"", ""80024"", ""80228"", ""80333"", ""805"", ""8065"", ""81"", ""81033"", ""8140"", ""817"", ""83697"", ""83795"", ""83959"", ""84102"", ""84239"", ""84286"", ""845"", ""84561"", ""84679"", 
""84701"", ""84766"", ""84889"", ""8514"", ""85413"", ""857"", ""859"", ""8639"", ""8645"", ""8647"", ""8671"", ""88"", ""8811"", ""8912"", ""8913"", ""89822"", ""8989"", ""9001"", ""90134"", ""9033"", ""90423"", ""90550"", ""9104"", ""9107"", ""9114"", ""91252"", ""9127"", ""9132"", ""91689"", ""9177"", ""9187"", ""92270"", ""9254"", ""9296"", ""93107"", ""9311"", ""93129"", ""93589"", ""9368"", ""9377"", ""9399"", ""9424"", ""9446"", ""9456"", ""9465"", ""9472"", ""9478"", ""9497"", ""9498"", ""9550"", ""9605"", ""9722"", ""9780"", ""9914"", ""9943"", ""9963"", ""9973"", ""9990"", ""9992"")"
"18423","GO:0008206","bile acid metabolic process","The chemical reactions and pathways involving bile acids, any of a group of steroid carboxylic acids occurring in bile, where they are present as the sodium salts of their amides with glycine or taurine.",1.06915049366771e-06,"c(""10050"", ""10165"", ""10166"", ""10237"", ""10246"", ""10478"", ""10568"", ""10599"", ""10723"", ""10786"", ""1080"", ""10861"", ""10864"", ""10998"", ""11046"", ""11136"", ""11309"", ""115019"", ""115286"", ""116085"", ""116369"", ""1179"", ""1181"", ""1182"", ""1183"", ""1184"", ""1185"", ""1186"", ""1187"", ""1188"", ""1192"", ""1193"", ""120103"", ""121601"", ""124565"", ""124935"", ""133418"", ""133482"", ""1374"", ""1375"", ""1376"", ""140679"", ""142680"", ""144453"", ""145389"", ""150160"", ""151258"", ""153129"", ""153201"", ""159963"", ""1811"", ""1836"", ""19"", ""196527"", ""203859"", ""206358"", 
""207"", ""208"", ""219855"", ""22802"", ""23155"", ""23443"", ""2554"", ""2555"", ""2556"", ""2557"", ""2559"", ""2560"", ""2561"", ""2563"", ""2564"", ""2565"", ""2567"", ""2568"", ""2570"", ""25874"", ""25932"", ""26266"", ""266675"", ""2741"", ""2742"", ""2743"", ""28231"", ""28234"", ""283238"", ""284111"", ""284129"", ""284439"", ""285641"", ""285966"", ""28968"", ""32"", ""338440"", ""339665"", ""340024"", ""340146"", ""347734"", ""348932"", ""353189"", ""363"", ""387601"", ""387700"", ""388662"", ""441509"", ""4948"", ""50636"", ""51006"", ""51310"", ""51422"", ""51449"", ""51660"", ""5172"", ""5250"", 
""5348"", ""5349"", ""54020"", ""54102"", ""54407"", ""54716"", ""54831"", ""54896"", ""55089"", ""55107"", ""55117"", ""55129"", ""55238"", ""55508"", ""5563"", ""5565"", ""55867"", ""56262"", ""56301"", ""56923"", ""57030"", ""57084"", ""57101"", ""57282"", ""57348"", ""57709"", ""57719"", ""57835"", ""63027"", ""64849"", ""65010"", ""65012"", ""6505"", ""6506"", ""6507"", ""6508"", ""6509"", ""6511"", ""6512"", ""6519"", ""6521"", ""6522"", ""6528"", ""6533"", ""6534"", ""6535"", ""6536"", ""6541"", ""6542"", ""6545"", ""6557"", ""6558"", ""6559"", ""6560"", ""6561"", ""6566"", ""6569"", ""6574"", ""6575"", ""6578"", 
""6579"", ""6583"", ""6584"", ""7057"", ""728661"", ""7355"", ""7416"", ""7417"", ""7419"", ""7809"", ""788"", ""79751"", ""79939"", ""8001"", ""80727"", ""8140"", ""81539"", ""81796"", ""83697"", ""83959"", ""84255"", ""84561"", ""84889"", ""84912"", ""8501"", ""85019"", ""8504"", ""85413"", ""8542"", ""8604"", ""8660"", ""8671"", ""8737"", ""8884"", ""9022"", ""9056"", ""9057"", ""9058"", ""9121"", ""9123"", ""9194"", ""92745"", ""9376"", ""9497"", ""9498"", ""9635"", ""9906"", ""9990"")"
"22094","GO:0042493","response to drug","Any process that results in a change in state or activity of a cell or an organism (in terms of movement, secretion, enzyme production, gene expression, etc.) as a result of a drug stimulus. A drug is a substance used in the diagnosis, treatment or prevention of a disease.",0.00174224191273962,"c(""10345"", ""1193"", ""1756"", ""201140"", ""2281"", ""287"", ""2946"", ""3270"", ""444"", ""477"", ""5144"", ""5350"", ""5566"", ""6262"", ""6546"", ""775"", ""805"", ""817"", ""844"", ""845"", ""9446"", ""9472"")"
"22846","GO:0009749","response to glucose","Any process that results in a change in state or activity of a cell or an organism (in terms of movement, secretion, enzyme production, gene expression, etc.) as a result of a glucose stimulus.",0.00282057966332997,"c(""1609"", ""22953"", ""24145"", ""3329"", ""3767"", ""444"", ""5023"", ""5024"", ""5025"", ""5026"", ""5027"", ""5032"", ""5313"", ""54434"", ""57026"", ""5728"", ""5743"", ""6263"", ""6347"", ""6402"", ""64805"", ""6546"", ""6647"", ""7184"", ""7222"", ""7442"", ""834"", ""9127"")"
"23577","GO:0010107","potassium ion import","The directed movement of potassium ions into a cell or organelle.",9.72894261818563e-08,"c(""10227"", ""10599"", ""11309"", ""116085"", ""133482"", ""213"", ""28231"", ""28234"", ""283238"", ""353189"", ""387601"", ""55867"", ""6578"", ""6579"", ""81796"", ""9376"")"
"24654","GO:0010880","regulation of release of sequestered calcium ion into cytosol by sarcoplasmic reticulum","Any process that modulates the rate, frequency or extent of release of sequestered calcium ion into cytosol by the sarcoplasmic reticulum, the process in which the release of sequestered calcium ion by sarcoplasmic reticulum into cytosol occurs via calcium release channels.",0.00489051914993526,"c(""11261"", ""154043"", ""1756"", ""1785"", ""183"", ""2040"", ""23171"", ""23327"", ""255738"", ""2745"", ""288"", ""29098"", ""4734"", ""477"", ""481"", ""486"", ""5348"", ""5349"", ""53822"", ""53827"", ""53828"", ""54997"", ""55800"", ""5581"", ""5774"", ""6327"", ""6330"", ""65267"", ""65268"", ""6548"", ""7402"", ""7533"", ""81"", ""817"", ""859"", ""9368"", ""9399"")"
"24731","GO:0010949","negative regulation of intestinal phytosterol absorption","Any process that stops, prevents, or reduces the frequency, rate or extent of the directed movement of phytosterols into the blood by absorption from the small intestine.",6.54622519189446e-05,"c(""10599"", ""10809"", ""10998"", ""1109"", ""11309"", ""123264"", ""1645"", ""200931"", ""201780"", ""213"", ""2172"", ""28234"", ""343"", ""345274"", ""347051"", ""5205"", ""5244"", ""570"", ""6256"", ""6554"", ""6555"", ""6579"", ""8273"", ""8647"", ""8648"", ""8714"", ""9368"", ""9971"")"
"26337","GO:0015721","bile acid and bile salt transport","The directed movement of bile acid and bile salts into, out of or within a cell, or between cells, by means of some agent such as a transporter or pore.",0.00537349668926478,"c(""10312"", ""10476"", ""10479"", ""10632"", ""11182"", ""11261"", ""11315"", ""113235"", ""113655"", ""114134"", ""127124"", ""1327"", ""1329"", ""133308"", ""1337"", ""1340"", ""1345"", ""1349"", ""1350"", ""1351"", ""1352"", ""1353"", ""1355"", ""144195"", ""150159"", ""1528"", ""153201"", ""154091"", ""155184"", ""206358"", ""23315"", ""23443"", ""23530"", ""23545"", ""245972"", ""245973"", ""26503"", ""267020"", ""27035"", ""27089"", ""27109"", ""284525"", ""285195"", ""285335"", ""285641"", ""29988"", ""30968"", ""341947"", ""3596"", ""388753"", ""389015"", ""4697"", ""476"", ""477"", ""478"", ""479"", 
""480"", ""4891"", ""495"", ""496"", ""498"", ""506"", ""50617"", ""509"", ""513"", ""51382"", ""514"", ""515"", ""51606"", ""517"", ""51802"", ""521"", ""522"", ""523"", ""525"", ""526"", ""528"", ""529"", ""533"", ""534"", ""535"", ""537"", ""539"", ""54997"", ""55002"", ""55032"", ""55244"", ""56606"", ""57282"", ""64924"", ""6513"", ""6514"", ""6515"", ""6517"", ""6518"", ""6548"", ""6549"", ""6550"", ""6553"", ""6564"", ""66035"", ""6834"", ""7350"", ""7351"", ""7352"", ""7355"", ""7384"", ""7386"", ""7388"", ""79400"", ""81"", ""81031"", ""83959"", ""84329"", ""84679"", ""84701"", ""90423"", ""9114"", ""9197"", ""92270"", 
""9296"", ""9368"", ""9377"", ""9481"", ""9550"", ""9605"")"
"26432","GO:0015811","L-cystine transport","The directed movement of L-cystine (also known as dicysteine) into, out of or within a cell, or between cells, by means of some agent such as a transporter or pore.",7.02930951923878e-06,"c(""10008"", ""10142"", ""1020"", ""10242"", ""1029"", ""10345"", ""10399"", ""10497"", ""10550"", ""10724"", ""1080"", ""10861"", ""10935"", ""10962"", ""11060"", ""11094"", ""11149"", ""11280"", ""11315"", ""11334"", ""1134"", ""1136"", ""1138"", ""1139"", ""1140"", ""1141"", ""114131"", ""1142"", ""115019"", ""116369"", ""117155"", ""1192"", ""120892"", ""123591"", ""124925"", ""1258"", ""1260"", ""1268"", ""1269"", ""131096"", ""140730"", ""148"", ""149111"", ""154"", ""1738"", ""1739"", ""1742"", ""1756"", ""1760"", ""1804"", ""1811"", ""1812"", ""1824"", ""1829"", ""183"", ""1832"", ""1836"", ""1906"", ""2030"", 
""2185"", ""219736"", ""219931"", ""2273"", ""22871"", ""22930"", ""22953"", ""22997"", ""22999"", ""23111"", ""23171"", ""23316"", ""23327"", ""23373"", ""23416"", ""23542"", ""23593"", ""23630"", ""239"", ""25"", ""2537"", ""254263"", ""2554"", ""2555"", ""2556"", ""2557"", ""2559"", ""2560"", ""2561"", ""2563"", ""2564"", ""2565"", ""2567"", ""2568"", ""2570"", ""259232"", ""266743"", ""2697"", ""27092"", ""27094"", ""27133"", ""27166"", ""2729"", ""2730"", ""2741"", ""2742"", ""2743"", ""2745"", ""2767"", ""2776"", ""284129"", ""2852"", ""285242"", ""2863"", ""287"", ""288"", ""2895"", ""2897"", ""2898"", ""2899"", 
""2902"", ""2903"", ""2905"", ""29098"", ""29119"", ""3060"", ""3064"", ""30820"", ""30845"", ""30968"", ""338567"", ""340273"", ""3458"", ""348980"", ""3557"", ""3725"", ""3728"", ""3736"", ""3737"", ""3741"", ""3745"", ""3747"", ""3751"", ""3752"", ""3756"", ""3757"", ""3759"", ""3766"", ""3767"", ""3775"", ""3776"", ""3777"", ""3778"", ""3783"", ""3784"", ""3786"", ""378807"", ""3799"", ""388591"", ""40"", ""4092"", ""4204"", ""4208"", ""4297"", ""441509"", ""4653"", ""4734"", ""476"", ""477"", ""480"", ""4804"", ""481"", ""482"", ""483"", ""4878"", ""488"", ""4887"", ""4985"", ""5023"", ""5024"", ""5025"", ""5027"", 
""5071"", ""5074"", ""50944"", ""51555"", ""5172"", ""51738"", ""5318"", ""53373"", ""5348"", ""5350"", ""5366"", ""54112"", ""54207"", ""54413"", ""54795"", ""54831"", ""54899"", ""55012"", ""55022"", ""55107"", ""55186"", ""5530"", ""55800"", ""5590"", ""5649"", ""5663"", ""56659"", ""567"", ""56853"", ""57030"", ""57053"", ""572"", ""5728"", ""57369"", ""57502"", ""5764"", ""57657"", ""5774"", ""578"", ""581"", ""5831"", ""594857"", ""596"", ""598"", ""60598"", ""6262"", ""627"", ""6310"", ""6323"", ""6326"", ""6327"", ""6328"", ""6329"", ""6330"", ""6332"", ""6335"", ""6376"", ""63895"", ""64091"", ""64208"", 
""65010"", ""65012"", ""65018"", ""6511"", ""6546"", ""6548"", ""6569"", ""6622"", ""664"", ""6640"", ""6647"", ""6714"", ""6804"", ""6863"", ""706"", ""7314"", ""7341"", ""7351"", ""7415"", ""7531"", ""7533"", ""773"", ""774"", ""775"", ""776"", ""777"", ""779"", ""785"", ""79594"", ""79680"", ""8001"", ""80024"", ""80025"", ""81033"", ""817"", ""834"", ""83795"", ""83875"", ""84275"", ""845"", ""84941"", ""857"", ""859"", ""8645"", ""88"", ""885"", ""8898"", ""8912"", ""8913"", ""89822"", ""90134"", ""9162"", ""9177"", ""9294"", ""9351"", ""9370"", ""93974"", ""9424"", ""9465"", ""9472"", ""9481"", ""9631"", ""9699"", 
""9722"", ""9780"", ""9948"", ""9992"")"
"26447","GO:0015826","threonine transport","The directed movement of threonine, (2R*,3S*)-2-amino-3-hydroxybutanoic acid, into, out of or within a cell, or between cells, by means of some agent such as a transporter or pore.",0.00536571674869457,"c(""476"", ""477"", ""478"", ""479"", ""480"", ""481"", ""482"", ""483"", ""486"", ""495"", ""5348"", ""6546"", ""6548"")"
"26501","GO:0015876","acetyl-CoA transport","The directed movement of acetyl-CoA into, out of or within a cell, or between cells, by means of some agent such as a transporter or pore. Acetyl-CoA is a derivative of coenzyme A in which the sulfhydryl group is acetylated; it is a metabolite derived from several pathways (e.g. glycolysis, fatty acid oxidation, amino-acid catabolism) and is further metabolized by the tricarboxylic acid cycle. It is a key intermediate in lipid and terpenoid biosynthesis.",1.97069319359684e-05,"c(""100533105"", ""10110"", ""183"", ""186"", ""23327"", ""23678"", ""476"", ""477"", ""478"", ""479"", ""480"", ""481"", ""482"", ""483"", ""495"", ""6446"", ""64699"", ""6546"", ""6548"")"
"26524","GO:0015891","siderophore transport","The directed movement of siderophores, low molecular weight Fe(III)-chelating substances, into, out of or within a cell, or between cells, by means of some agent such as a transporter or pore.",0.00287003881005194,"c(""10060"", ""10723"", ""3758"", ""3759"", ""3760"", ""3761"", ""3762"", ""3763"", ""3764"", ""3766"", ""3767"", ""3768"", ""3769"", ""3772"", ""3773"", ""476"", ""477"", ""478"", ""479"", ""480"", ""481"", ""482"", ""483"", ""486"", ""495"", ""6557"", ""6558"", ""6559"", ""6560"", ""84561"", ""9990"", ""9992"")"
"26540","GO:0015904","tetracycline transport","The directed movement of tetracycline into, out of or within a cell, or between cells, by means of some agent such as a transporter or pore. Tetracycline is a broad spectrum antibiotic that blocks binding of aminoacyl tRNA to the ribosomes of both Gram-positive and Gram-negative organisms (and those of organelles).",0.00020049591712871,"c(""1006"", ""10060"", ""10142"", ""1020"", ""10211"", ""10242"", ""10368"", ""10458"", ""10497"", ""10636"", ""107"", ""10723"", ""10755"", ""10769"", ""108"", ""10874"", ""10886"", ""109"", ""10911"", ""1103"", ""11094"", ""111"", ""11188"", ""112"", ""11245"", ""11251"", ""1128"", ""1129"", ""113"", ""1131"", ""11315"", ""1132"", ""1133"", ""1134"", ""1136"", ""1138"", ""1139"", ""114"", ""1140"", ""1141"", ""1142"", ""114781"", ""115"", ""115827"", ""1173"", ""1182"", ""120892"", ""124925"", ""1267"", ""1268"", ""1269"", ""127833"", ""131096"", ""1312"", ""1385"", ""1392"", ""1393"", ""1395"", ""140679"", ""140730"", 
""143425"", ""148"", ""148281"", ""149111"", ""1499"", ""1501"", ""152330"", ""1524"", ""154"", ""160"", ""161"", ""1621"", ""1627"", ""163"", ""169522"", ""1728"", ""1739"", ""1740"", ""1741"", ""1742"", ""1759"", ""1760"", ""18"", ""1812"", ""1813"", ""1816"", ""183"", ""1837"", ""1855"", ""1861"", ""1906"", ""1958"", ""1960"", ""196883"", ""1979"", ""2030"", ""2036"", ""2048"", ""2054"", ""2119"", ""217"", ""2185"", ""22829"", ""22859"", ""22871"", ""22883"", ""22895"", ""22930"", ""22941"", ""22986"", ""22997"", ""22999"", ""23025"", ""23095"", ""23154"", ""23208"", ""23228"", ""23229"", ""23236"", ""23237"", 
""23316"", ""23373"", ""23394"", ""23396"", ""23416"", ""23426"", ""23513"", ""23542"", ""23551"", ""23557"", ""23566"", ""24145"", ""254263"", ""2550"", ""2554"", ""2555"", ""2556"", ""2557"", ""2559"", ""255928"", ""2560"", ""2561"", ""2563"", ""2564"", ""2565"", ""2567"", ""2568"", ""2570"", ""2571"", ""2572"", ""25769"", ""25953"", ""26012"", ""26037"", ""26045"", ""26050"", ""26167"", ""26251"", ""26258"", ""266743"", ""2668"", ""2670"", ""2695"", ""27020"", ""27092"", ""27094"", ""27115"", ""27133"", ""27165"", ""273"", ""27330"", ""2741"", ""2742"", ""2743"", ""2744"", ""27445"", ""2752"", ""2770"", ""2771"", 
""2773"", ""2774"", ""2782"", ""2783"", ""2784"", ""2787"", ""2788"", ""2792"", ""2824"", ""2825"", ""2852"", ""2890"", ""2891"", ""2892"", ""2895"", ""2897"", ""2898"", ""2899"", ""2902"", ""2903"", ""2905"", ""2906"", ""2911"", ""2913"", ""2914"", ""2915"", ""2917"", ""2918"", ""29767"", ""29882"", ""3060"", ""3061"", ""3062"", ""3064"", ""320"", ""321"", ""3265"", ""3269"", ""3274"", ""3312"", ""3351"", ""3352"", ""3354"", ""3355"", ""3356"", ""3358"", ""3360"", ""3363"", ""338567"", ""339302"", ""341359"", ""344758"", ""3458"", ""347730"", ""348"", ""348980"", ""3706"", ""3710"", ""3736"", ""3737"", ""3738"", ""3739"", 
""3741"", ""3742"", ""3744"", ""3745"", ""3746"", ""3747"", ""3748"", ""3749"", ""375"", ""3750"", ""3751"", ""3752"", ""3754"", ""3755"", ""3756"", ""3757"", ""375790"", ""3758"", ""3759"", ""3760"", ""3761"", ""3762"", ""3763"", ""3764"", ""3766"", ""3767"", ""3768"", ""3772"", ""3773"", ""3775"", ""3776"", ""3777"", ""3778"", ""3779"", ""3781"", ""3782"", ""3783"", ""3784"", ""3785"", ""3786"", ""3788"", ""3790"", ""3798"", ""3799"", ""3814"", ""3815"", ""388336"", ""3908"", ""392862"", ""399968"", ""40"", ""4040"", ""4128"", ""415117"", ""4155"", ""4193"", ""4204"", ""4208"", ""4287"", ""43"", ""440279"", ""440829"", 
""441509"", ""4644"", ""4646"", ""4761"", ""4763"", ""477"", ""4776"", ""4804"", ""4842"", ""4852"", ""4857"", ""488"", ""4885"", ""4887"", ""4889"", ""4900"", ""4905"", ""4908"", ""491"", ""4914"", ""4915"", ""4983"", ""4985"", ""4986"", ""4988"", ""5021"", ""5023"", ""5024"", ""5025"", ""5027"", ""5032"", ""5048"", ""50488"", ""5058"", ""5071"", ""50944"", ""5100"", ""51247"", ""51248"", ""5170"", ""5173"", ""51738"", ""51760"", ""5217"", ""5330"", ""5331"", ""5334"", ""53358"", ""5354"", ""5367"", ""5368"", ""5413"", ""54207"", ""54331"", ""54407"", ""54413"", ""54843"", ""54899"", ""5530"", ""5532"", ""55327"", 
""5538"", ""5566"", ""5567"", ""5578"", ""5579"", ""5581"", ""5582"", ""5590"", ""5594"", ""55970"", ""56122"", ""56125"", ""56126"", ""56130"", ""56131"", ""56132"", ""56133"", ""56479"", ""5649"", ""5663"", ""56659"", ""56666"", ""56853"", ""57030"", ""57053"", ""5728"", ""57338"", ""57369"", ""57406"", ""5743"", ""57502"", ""57586"", ""5764"", ""57657"", ""57679"", ""5864"", ""5865"", ""5868"", ""5879"", ""5881"", ""5894"", ""590"", ""5906"", ""5913"", ""5923"", ""5924"", ""59283"", ""594857"", ""60482"", ""6195"", ""6196"", ""6197"", ""6237"", ""627"", ""6285"", ""6310"", ""6327"", ""6347"", ""6376"", ""63827"", 
""6386"", ""64084"", ""64106"", ""64130"", ""64854"", ""65018"", ""6505"", ""6506"", ""6507"", ""6509"", ""6511"", ""6512"", ""6529"", ""6531"", ""6536"", ""6538"", ""6539"", ""6540"", ""6560"", ""6571"", ""6572"", ""6582"", ""6616"", ""6620"", ""6622"", ""6623"", ""6722"", ""673"", ""6750"", ""6751"", ""6752"", ""6754"", ""6770"", ""6804"", ""6809"", ""6810"", ""6812"", ""6833"", ""6853"", ""6855"", ""6856"", ""6857"", ""6860"", ""6861"", ""6863"", ""6865"", ""6900"", ""7054"", ""706"", ""7101"", ""7143"", ""729956"", ""729993"", ""7349"", ""7416"", ""7425"", ""7433"", ""7476"", ""7494"", ""7532"", ""7533"", ""760"", 
""766"", ""773"", ""774"", ""775"", ""777"", ""7779"", ""782"", ""783"", ""785"", ""7881"", ""7915"", ""793"", ""79608"", ""8001"", ""80331"", ""805"", ""81033"", ""814"", ""815"", ""81539"", ""816"", ""817"", ""818"", ""8224"", ""83795"", ""83851"", ""83988"", ""84062"", ""84073"", ""8416"", ""84254"", ""84446"", ""8447"", ""84694"", ""84896"", ""84958"", ""8497"", ""8499"", ""8500"", ""8514"", ""85366"", ""8541"", ""85445"", ""8573"", ""8618"", ""8676"", ""8766"", ""8773"", ""8775"", ""88"", ""8811"", ""8831"", ""8867"", ""8898"", ""8913"", ""8927"", ""8938"", ""89822"", ""9001"", ""90019"", ""90134"", ""9066"", ""9094"", 
""9097"", ""9132"", ""9145"", ""9148"", ""9152"", ""9162"", ""91683"", ""9177"", ""9211"", ""9228"", ""9229"", ""9254"", ""9256"", ""9294"", ""93107"", ""9342"", ""9362"", ""9369"", ""9370"", ""9381"", ""94120"", ""94121"", ""94122"", ""9424"", ""9456"", ""9463"", ""9495"", ""9501"", ""952"", ""9545"", ""9546"", ""9568"", ""9607"", ""9610"", ""9627"", ""9699"", ""9746"", ""9751"", ""9892"", ""991"")"
"26694","GO:0015992","proton transport","The directed movement of protons (hydrogen ions) into, out of or within a cell, or between cells, by means of some agent such as a transporter or pore.",0.00025649680202304,"c(""10005"", ""10599"", ""10858"", ""10998"", ""11001"", ""1109"", ""1593"", ""1645"", ""213"", ""2172"", ""2264"", ""23411"", ""23600"", ""2494"", ""28234"", ""30"", ""3295"", ""340895"", ""3952"", ""4864"", ""51302"", ""5205"", ""570"", ""57704"", ""5828"", ""6256"", ""6342"", ""64801"", ""6554"", ""6555"", ""6579"", ""6718"", ""6770"", ""6822"", ""80025"", ""80270"", ""8309"", ""8647"", ""8648"", ""8714"", ""9420"", ""9572"", ""9965"", ""9971"")"
"33661","GO:0030007","cellular potassium ion homeostasis","Any process involved in the maintenance of an internal steady state of potassium ions at the level of a cell.",0.00283328362660284,"53827"
"40783","GO:0033198","response to ATP","Any process that results in a change in state or activity of a cell or an organism (in terms of movement, secretion, enzyme production, gene expression, etc.) as a result of an ATP (adenosine 5'-triphosphate) stimulus.",2.31392907909259e-05,"c(""23228"", ""2550"", ""2554"", ""2555"", ""2556"", ""2557"", ""2559"", ""2561"", ""2564"", ""2565"", ""2567"", ""2570"", ""2771"", ""3360"", ""468"", ""5334"", ""627"", ""773"", ""785"", ""9568"")"
"43402","GO:0034220","ion transmembrane transport","A process in which an ion is transported from one side of a membrane to the other by means of some agent such as a transporter or pore.",0.00565068940692793,"c(""100533105"", ""10058"", ""10110"", ""10134"", ""10312"", ""10345"", ""10367"", ""10479"", ""10518"", ""10523"", ""10563"", ""10590"", ""10672"", ""10686"", ""10723"", ""10724"", ""1080"", ""10800"", ""10803"", ""10861"", ""10911"", ""10989"", ""111"", ""11151"", ""11261"", ""113235"", ""1139"", ""114781"", ""114897"", ""115019"", ""116369"", ""117"", ""1182"", ""118980"", ""1193"", ""119559"", ""1203"", ""121665"", ""1232"", ""1233"", ""1235"", ""1236"", ""127124"", ""1312"", ""1317"", ""1318"", ""133"", ""1356"", ""146"", ""147138"", ""148"", ""148738"", ""148867"", ""150684"", ""1535"", ""1585"", ""160335"", 
""1604"", ""169200"", ""1729"", ""1742"", ""1756"", ""1760"", ""177"", ""1811"", ""1812"", ""1813"", ""1816"", ""183"", ""1836"", ""185"", ""186"", ""1901"", ""1903"", ""1906"", ""1907"", ""1908"", ""1909"", ""1910"", ""1991"", ""201140"", ""2034"", ""2038"", ""2053"", ""2056"", ""2099"", ""212"", ""2147"", ""2149"", ""2150"", ""2185"", ""219931"", ""22"", ""2206"", ""221154"", ""2235"", ""2247"", ""2281"", ""22953"", ""23075"", ""23315"", ""23327"", ""23400"", ""23479"", ""23516"", ""23545"", ""23566"", ""23627"", ""23678"", ""2395"", ""245972"", ""245973"", ""2495"", ""25"", ""2512"", ""25769"", ""25800"", ""25932"", 
""25998"", ""261729"", ""2624"", ""26504"", ""26872"", ""2696"", ""2697"", ""27"", ""27020"", ""27032"", ""27035"", ""27102"", ""27113"", ""27185"", ""2769"", ""2780"", ""2782"", ""2826"", ""282679"", ""2829"", ""2833"", ""2835"", ""284129"", ""284612"", ""2847"", ""285195"", ""2852"", ""286133"", ""2863"", ""287"", ""288"", ""28952"", ""2898"", ""28982"", ""2902"", ""2907"", ""2911"", ""2946"", ""30001"", ""3060"", ""3064"", ""3074"", ""3077"", ""309"", ""3091"", ""30968"", ""310"", ""3146"", ""3162"", ""3163"", ""3263"", ""3270"", ""331"", ""334"", ""3356"", ""3357"", ""3358"", ""344905"", ""348"", ""351"", ""3558"", 
""356"", ""3596"", ""3658"", ""3708"", ""3710"", ""3717"", ""3736"", ""3741"", ""375"", ""3757"", ""3759"", ""3766"", ""3777"", ""3778"", ""3791"", ""3792"", ""3814"", ""3827"", ""387129"", ""389015"", ""3932"", ""3934"", ""4057"", ""4067"", ""4089"", ""4097"", ""4241"", ""4308"", ""444"", ""4504"", ""4609"", ""4682"", ""475"", ""4756"", ""476"", ""477"", ""478"", ""479"", ""48"", ""480"", ""481"", ""482"", ""4828"", ""483"", ""4842"", ""487"", ""488"", ""4881"", ""4886"", ""4887"", ""489"", ""4891"", ""490"", ""491"", ""492"", ""493"", ""495"", ""4988"", ""5009"", ""5021"", ""5024"", ""5025"", ""5026"", ""5027"", ""5028"", 
""5029"", ""5030"", ""506"", ""50617"", ""5071"", ""51024"", ""51076"", ""51196"", ""51289"", ""51310"", ""51312"", ""51382"", ""5144"", ""5145"", ""51458"", ""5156"", ""51606"", ""5164"", ""5166"", ""5170"", ""5172"", ""51738"", ""523"", ""525"", ""526"", ""528"", ""529"", ""5291"", ""5310"", ""5311"", ""5314"", ""5319"", ""533"", ""5335"", ""5336"", ""534"", ""5348"", ""535"", ""5350"", ""537"", ""5371"", ""538"", ""540"", ""54734"", ""54757"", ""54822"", ""54982"", ""55013"", ""55177"", ""55240"", ""553"", ""5538"", ""554"", ""55532"", ""55630"", ""55647"", ""5566"", ""55676"", ""5578"", ""5579"", ""5581"", ""55858"", 
""5587"", ""5621"", ""5663"", ""567"", ""56704"", ""56898"", ""56923"", ""57003"", ""57030"", ""57053"", ""57113"", ""57130"", ""57158"", ""57192"", ""57214"", ""57217"", ""57282"", ""5733"", ""57338"", ""57402"", ""5741"", ""57419"", ""5745"", ""57620"", ""5777"", ""578"", ""57835"", ""5788"", ""581"", ""5816"", ""5837"", ""5910"", ""59340"", ""59341"", ""596"", ""6005"", ""60675"", ""623"", ""624"", ""6261"", ""6262"", ""6263"", ""6279"", ""6280"", ""6332"", ""6337"", ""6338"", ""6341"", ""6346"", ""6347"", ""6366"", ""6373"", ""6375"", ""6387"", ""63933"", ""64072"", ""6446"", ""64699"", ""64924"", ""65010"", ""65012"", 
""6508"", ""652"", ""6521"", ""6522"", ""654"", ""6546"", ""6547"", ""6548"", ""6549"", ""6550"", ""6553"", ""6556"", ""6557"", ""6558"", ""6559"", ""6560"", ""66002"", ""6622"", ""6647"", ""6781"", ""6863"", ""7009"", ""7018"", ""7021"", ""7036"", ""7037"", ""7040"", ""7052"", ""7070"", ""7137"", ""7178"", ""7184"", ""719"", ""7220"", ""7222"", ""7224"", ""7225"", ""728"", ""729230"", ""7380"", ""7466"", ""7504"", ""760"", ""766"", ""773"", ""775"", ""7779"", ""7780"", ""7781"", ""7782"", ""785"", ""7879"", ""79054"", ""79085"", ""7922"", ""793"", ""794"", ""79572"", ""79608"", ""79734"", ""799"", ""79901"", ""80024"", 
""8048"", ""805"", ""8065"", ""80762"", ""80763"", ""811"", ""817"", ""81855"", ""825"", ""8301"", ""83416"", ""83639"", ""83697"", ""83959"", ""84239"", ""844"", ""845"", ""84561"", ""846"", ""84679"", ""84959"", ""8529"", ""857"", ""859"", ""8600"", ""8614"", ""8671"", ""8692"", ""8698"", ""8805"", ""8811"", ""8821"", ""886"", ""887"", ""8996"", ""90423"", ""90550"", ""9104"", ""9114"", ""91252"", ""91689"", ""9170"", ""9187"", ""9217"", ""9247"", ""9296"", ""930"", ""94033"", ""94081"", ""94097"", ""94107"", ""9429"", ""9446"", ""9472"", ""9474"", ""9481"", ""9495"", ""9497"", ""9498"", ""952"", ""9550"", ""958"", 
""9633"", ""9709"", ""9843"", ""9900"", ""9914"", ""9990"", ""9997"")"
"44065","GO:0034589","hydroxyproline transport","The directed movement of hydroxyproline into, out of or within a cell, or between cells, by means of some agent such as a transporter or pore.",0.00565875042417108,"c(""3934"", ""51310"")"
"44806","GO:0035094","response to nicotine","Any process that results in a change in state or activity of a cell or an organism (in terms of movement, secretion, enzyme production, gene expression, etc.) as a result of a nicotine stimulus.",0.0076756117325634,"c(""100533105"", ""10058"", ""10110"", ""10134"", ""10312"", ""10345"", ""10367"", ""10399"", ""10523"", ""10563"", ""10568"", ""10590"", ""10672"", ""10686"", ""10724"", ""1080"", ""10800"", ""10803"", ""10804"", ""10861"", ""10911"", ""10989"", ""111"", ""11151"", ""11261"", ""113235"", ""1139"", ""114897"", ""115019"", ""1152"", ""116369"", ""117"", ""1182"", ""1193"", ""1203"", ""1215"", ""121665"", ""1232"", ""1233"", ""1235"", ""1236"", ""127124"", ""1317"", ""1318"", ""133"", ""1356"", ""1361"", ""1392"", ""1395"", ""142680"", ""146"", ""148"", ""148738"", ""148867"", ""152"", ""1535"", ""1604"", ""169200"", 
""1729"", ""1742"", ""1756"", ""1760"", ""177"", ""1811"", ""1812"", ""1813"", ""1816"", ""183"", ""1836"", ""185"", ""186"", ""1901"", ""1903"", ""1906"", ""1907"", ""1908"", ""1909"", ""1910"", ""1946"", ""1991"", ""201140"", ""2021"", ""2030"", ""2033"", ""2053"", ""2056"", ""2081"", ""2099"", ""212"", ""2147"", ""2149"", ""2150"", ""2185"", ""219931"", ""22"", ""2206"", ""221154"", ""2247"", ""2281"", ""22841"", ""22953"", ""23038"", ""23075"", ""2308"", ""23315"", ""23327"", ""23400"", ""23411"", ""23479"", ""23516"", ""23545"", ""23566"", ""23627"", ""23678"", ""2395"", ""245972"", ""245973"", ""2495"", ""25"", 
""2512"", ""252983"", ""25769"", ""25800"", ""25932"", ""25942"", ""25998"", ""26056"", ""2621"", ""2624"", ""2626"", ""2641"", ""2645"", ""2696"", ""2697"", ""27"", ""27020"", ""27032"", ""27035"", ""27113"", ""27185"", ""2769"", ""2780"", ""2782"", ""2822"", ""2826"", ""282679"", ""2829"", ""2833"", ""2835"", ""284129"", ""284612"", ""2847"", ""2850"", ""2852"", ""286133"", ""2863"", ""287"", ""28952"", ""2898"", ""28982"", ""2902"", ""2907"", ""29085"", ""2911"", ""2946"", ""30001"", ""3060"", ""3074"", ""3077"", ""309"", ""3091"", ""30968"", ""3098"", ""3099"", ""310"", ""3101"", ""3127"", ""3146"", ""3156"", 
""3162"", ""3163"", ""3170"", ""3171"", ""3263"", ""3270"", ""334"", ""3356"", ""3357"", ""3358"", ""3383"", ""343"", ""344905"", ""348"", ""351"", ""3554"", ""3558"", ""356"", ""358"", ""359"", ""3596"", ""360"", ""361"", ""362"", ""363"", ""364"", ""3651"", ""3658"", ""3708"", ""3710"", ""3717"", ""3741"", ""3745"", ""375"", ""3759"", ""3767"", ""3777"", ""3778"", ""3792"", ""3814"", ""3827"", ""387129"", ""388581"", ""3932"", ""3934"", ""3956"", ""4041"", ""4057"", ""4067"", ""408"", ""4089"", ""4097"", ""4221"", ""4308"", ""444"", ""4504"", ""4609"", ""4682"", ""475"", ""476"", ""4760"", ""477"", ""478"", ""479"", ""48"", 
""480"", ""481"", ""482"", ""4828"", ""483"", ""4830"", ""4842"", ""487"", ""488"", ""4886"", ""4887"", ""489"", ""4891"", ""490"", ""491"", ""492"", ""493"", ""495"", ""4988"", ""5019"", ""5021"", ""5024"", ""5025"", ""5026"", ""5027"", ""5028"", ""5029"", ""5030"", ""50507"", ""506"", ""50617"", ""5076"", ""51024"", ""51092"", ""51196"", ""5127"", ""51289"", ""51310"", ""51382"", ""5144"", ""5145"", ""51458"", ""5156"", ""51606"", ""5165"", ""5167"", ""5170"", ""5172"", ""51738"", ""5176"", ""523"", ""525"", ""526"", ""528"", ""529"", ""5290"", ""5291"", ""5295"", ""5310"", ""5311"", ""5314"", ""5319"", ""5328"", ""533"", 
""5335"", ""5336"", ""534"", ""5348"", ""535"", ""5350"", ""537"", ""5371"", ""538"", ""540"", ""5428"", ""54734"", ""54822"", ""54982"", ""55013"", ""55107"", ""55177"", ""55240"", ""553"", ""5530"", ""5532"", ""5538"", ""55532"", ""55630"", ""55638"", ""55647"", ""5566"", ""55676"", ""5578"", ""5579"", ""5581"", ""55858"", ""5587"", ""5621"", ""56261"", ""5663"", ""56652"", ""56704"", ""56923"", ""56943"", ""57030"", ""57053"", ""57113"", ""57130"", ""57158"", ""57192"", ""572"", ""57214"", ""57217"", ""57282"", ""5733"", ""57338"", ""57393"", ""5741"", ""57419"", ""5745"", ""57620"", ""5777"", ""578"", ""57835"", 
""5788"", ""581"", ""5816"", ""5837"", ""5894"", ""5903"", ""5910"", ""59340"", ""59341"", ""596"", ""6005"", ""60675"", ""623"", ""624"", ""6261"", ""6262"", ""6263"", ""6279"", ""6280"", ""6341"", ""6346"", ""6347"", ""6366"", ""6373"", ""6375"", ""6387"", ""63933"", ""64072"", ""6446"", ""64699"", ""64924"", ""65010"", ""65012"", ""6508"", ""652"", ""6521"", ""6522"", ""654"", ""6546"", ""6547"", ""6548"", ""6556"", ""65985"", ""6622"", ""6647"", ""6659"", ""6722"", ""6770"", ""6781"", ""6810"", ""6863"", ""7009"", ""7018"", ""7021"", ""7036"", ""7037"", ""7040"", ""7052"", ""7054"", ""7070"", ""7137"", ""7178"", ""7184"", 
""719"", ""7220"", ""7222"", ""7224"", ""7225"", ""728"", ""729230"", ""7351"", ""7466"", ""7494"", ""7504"", ""760"", ""766"", ""773"", ""775"", ""777"", ""7776"", ""7779"", ""7780"", ""7781"", ""7782"", ""785"", ""7879"", ""79054"", ""79085"", ""7922"", ""793"", ""794"", ""79572"", ""79608"", ""79734"", ""799"", ""79901"", ""80024"", ""80201"", ""8048"", ""805"", ""8065"", ""80762"", ""811"", ""817"", ""825"", ""83416"", ""83639"", ""83667"", ""83697"", ""83959"", ""84239"", ""844"", ""845"", ""846"", ""84649"", ""8473"", ""84959"", ""857"", ""859"", ""8614"", ""8660"", ""8671"", ""8698"", ""8811"", ""8821"", ""886"", 
""887"", ""8996"", ""90423"", ""90550"", ""9104"", ""9114"", ""91252"", ""91689"", ""9170"", ""9187"", ""91942"", ""9213"", ""9217"", ""9247"", ""9296"", ""930"", ""9324"", ""9368"", ""94033"", ""94107"", ""9429"", ""9446"", ""9472"", ""9474"", ""9481"", ""9495"", ""9497"", ""9498"", ""952"", ""9550"", ""9572"", ""958"", ""9607"", ""9633"", ""9709"", ""9843"", ""9854"", ""9900"", ""9914"", ""9997"")"
"47005","GO:0036376","sodium ion export from cell","The directed movement of sodium ions out of a cell.",8.9662473308149e-22,"c(""10008"", ""10050"", ""100533105"", ""10057"", ""10058"", ""10060"", ""100652748"", ""10110"", ""10142"", ""1015"", ""10165"", ""10166"", ""10227"", ""10237"", ""10242"", ""10245"", ""10246"", ""10257"", ""10312"", ""10343"", ""10345"", ""10347"", ""10349"", ""10350"", ""10351"", ""10367"", ""10368"", ""10396"", ""10440"", ""10452"", ""10463"", ""10469"", ""10476"", ""10478"", ""10479"", ""10560"", ""10568"", ""10599"", ""10632"", ""10681"", ""10682"", ""107"", ""10723"", ""10762"", ""10768"", ""10786"", ""108"", ""1080"", ""10861"", ""10864"", ""109"", ""10928"", ""10971"", ""10973"", ""10998"", ""10999"", 
""11046"", ""11059"", ""11060"", ""11094"", ""11097"", ""111"", ""11136"", ""11141"", ""11182"", ""11194"", ""112"", ""11231"", ""11261"", ""11280"", ""113"", ""11309"", ""11315"", ""113235"", ""1134"", ""113451"", ""1136"", ""113655"", ""1138"", ""1139"", ""114"", ""1140"", ""1141"", ""114134"", ""1142"", ""114789"", ""115"", ""115019"", ""115286"", ""115584"", ""116085"", ""116369"", ""116843"", ""117155"", ""117247"", ""117531"", ""117532"", ""1179"", ""118"", ""1181"", ""1182"", ""1183"", ""1184"", ""1185"", ""1186"", ""1187"", ""1188"", ""118980"", ""119"", ""1192"", ""1193"", ""119395"", ""119559"", ""120"", 
""120103"", ""121260"", ""121601"", ""123096"", ""123591"", ""123606"", ""1244"", ""124565"", ""124935"", ""125111"", ""125206"", ""125336"", ""1258"", ""1260"", ""126969"", ""127124"", ""129401"", ""130617"", ""131096"", ""131118"", ""131474"", ""1317"", ""1318"", ""1327"", ""1329"", ""133308"", ""133418"", ""133482"", ""1337"", ""1340"", ""1345"", ""1349"", ""1350"", ""1351"", ""1352"", ""1353"", ""1355"", ""1356"", ""136306"", ""1374"", ""1375"", ""1376"", ""1392"", ""1393"", ""1395"", ""140679"", ""140738"", ""140803"", ""142680"", ""144195"", ""144453"", ""1446"", ""1448"", ""145389"", ""1468"", ""146802"", 
""148867"", ""149111"", ""1499"", ""150159"", ""150160"", ""150684"", ""151258"", ""151295"", ""151473"", ""151556"", ""1520"", ""1528"", ""153129"", ""153201"", ""153328"", ""1534"", ""1536"", ""154043"", ""154091"", ""154664"", ""155184"", ""159963"", ""160518"", ""1612"", ""168507"", ""169522"", ""1739"", ""1742"", ""1756"", ""177"", ""1785"", ""1804"", ""1811"", ""1813"", ""183"", ""1836"", ""19"", ""1906"", ""1908"", ""1910"", ""1950"", ""1965"", ""196527"", ""1968"", ""196883"", ""20"", ""200010"", ""201305"", ""201780"", ""2030"", ""203427"", ""203859"", ""2039"", ""2040"", ""204962"", ""2056"", ""206358"", 
""207"", ""208"", ""21"", ""213"", ""2185"", ""219855"", ""219931"", ""22"", ""220963"", ""221301"", ""225"", ""2273"", ""2280"", ""22802"", ""2281"", ""22821"", ""22841"", ""22871"", ""22953"", ""22987"", ""23"", ""23020"", ""23155"", ""23165"", ""23171"", ""23200"", ""23225"", ""23229"", ""23237"", ""23258"", ""23315"", ""23327"", ""23400"", ""23413"", ""23416"", ""23443"", ""23456"", ""23457"", ""23461"", ""23480"", ""23511"", ""23516"", ""23530"", ""23542"", ""23545"", ""23630"", ""23636"", ""23678"", ""23704"", ""24145"", ""245972"", ""245973"", ""2495"", ""2512"", ""2538"", ""2542"", ""254228"", ""254263"", 
""254428"", ""255022"", ""255231"", ""2554"", ""2555"", ""2556"", ""2557"", ""255738"", ""2559"", ""2560"", ""2561"", ""2563"", ""2564"", ""256471"", ""2565"", ""2567"", ""2568"", ""2570"", ""25769"", ""25800"", ""25813"", ""25874"", ""259232"", ""25932"", ""26"", ""26133"", ""26154"", ""2621"", ""26251"", ""26266"", ""2641"", ""2645"", ""2646"", ""26503"", ""26504"", ""26519"", ""26520"", ""266675"", ""267020"", ""26872"", ""2697"", ""27032"", ""27035"", ""27039"", ""2705"", ""2706"", ""27075"", ""27089"", ""27091"", ""27092"", ""27094"", ""27109"", ""27133"", ""27173"", ""27347"", ""2741"", ""2742"", ""2743"", 
""2745"", ""2778"", ""2823"", ""28231"", ""28234"", ""282679"", ""283130"", ""283238"", ""283375"", ""283518"", ""283537"", ""284111"", ""284129"", ""284427"", ""284439"", ""284525"", ""285175"", ""285195"", ""285242"", ""285335"", ""285641"", ""285966"", ""286133"", ""286256"", ""286410"", ""287"", ""288"", ""2890"", ""2891"", ""2892"", ""2895"", ""28962"", ""28965"", ""28968"", ""2897"", ""2898"", ""28982"", ""2899"", ""29015"", ""2902"", ""2903"", ""2905"", ""2906"", ""29090"", ""29098"", ""291"", ""29103"", ""2917"", ""292"", ""293"", ""2946"", ""29850"", ""29928"", ""29957"", ""29979"", ""29985"", ""29986"", 
""29988"", ""3064"", ""30818"", ""30820"", ""309"", ""30968"", ""3098"", ""3099"", ""3101"", ""3162"", ""3163"", ""3177"", ""32"", ""3249"", ""3270"", ""3306"", ""3308"", ""3320"", ""335"", ""3357"", ""336"", ""338440"", ""338567"", ""339665"", ""340024"", ""340146"", ""340273"", ""341947"", ""343"", ""343450"", ""344905"", ""345274"", ""347051"", ""347734"", ""348932"", ""348980"", ""348995"", ""353189"", ""3551"", ""357"", ""358"", ""359"", ""360"", ""361"", ""362"", ""363"", ""3630"", ""364"", ""3685"", ""3708"", ""3709"", ""3710"", ""3736"", ""3737"", ""3738"", ""3739"", ""3741"", ""3742"", ""3744"", ""3745"", 
""3746"", ""3747"", ""3748"", ""3749"", ""375"", ""3750"", ""3751"", ""3752"", ""3754"", ""3755"", ""3756"", ""3757"", ""3758"", ""3759"", ""3760"", ""3761"", ""3762"", ""3763"", ""3764"", ""376497"", ""3766"", ""3767"", ""3768"", ""3769"", ""3772"", ""3773"", ""3775"", ""3776"", ""3777"", ""3778"", ""3779"", ""3781"", ""3782"", ""3783"", ""3784"", ""3785"", ""3786"", ""3788"", ""378807"", ""3790"", ""3792"", ""387601"", ""387700"", ""388591"", ""388662"", ""388753"", ""389015"", ""3927"", ""3934"", ""3949"", ""3958"", ""40"", ""4170"", ""4208"", ""4308"", ""4318"", ""4363"", ""441168"", ""441509"", ""444"", ""4644"", 
""4645"", ""4697"", ""4734"", ""475"", ""476"", ""477"", ""478"", ""479"", ""480"", ""481"", ""482"", ""483"", ""4842"", ""486"", ""487"", ""4878"", ""488"", ""489"", ""4891"", ""490"", ""491"", ""492"", ""4927"", ""493"", ""4946"", ""4947"", ""4948"", ""495"", ""496"", ""498"", ""4986"", ""4988"", ""5023"", ""5024"", ""5025"", ""5026"", ""5027"", ""50488"", ""506"", ""50617"", ""50636"", ""50651"", ""5074"", ""509"", ""50944"", ""51000"", ""51006"", ""51063"", ""51076"", ""51079"", ""51083"", ""51185"", ""51248"", ""51296"", ""51297"", ""513"", ""51310"", ""51312"", ""5138"", ""51382"", ""51393"", ""514"", ""5142"", ""51422"", 
""5144"", ""51449"", ""51458"", ""515"", ""5155"", ""51555"", ""51582"", ""5159"", ""51606"", ""51660"", ""51686"", ""517"", ""51719"", ""5172"", ""5174"", ""51802"", ""5189"", ""5190"", ""5191"", ""5192"", ""5194"", ""5195"", ""5205"", ""521"", ""522"", ""523"", ""5243"", ""5244"", ""525"", ""5250"", ""526"", ""528"", ""5286"", ""529"", ""5304"", ""5310"", ""5311"", ""533"", ""5336"", ""53371"", ""53373"", ""534"", ""5348"", ""5349"", ""535"", ""5350"", ""5355"", ""537"", ""538"", ""53822"", ""53827"", ""53828"", ""539"", ""540"", ""54020"", ""54102"", ""54106"", ""54207"", ""54407"", ""54413"", ""54433"", ""54716"", 
""5473"", ""54795"", ""54822"", ""54831"", ""54842"", ""54896"", ""54946"", ""54997"", ""55002"", ""55004"", ""55013"", ""55032"", ""55089"", ""55107"", ""55117"", ""55129"", ""55151"", ""55186"", ""55238"", ""55240"", ""55244"", ""55283"", ""55315"", ""55334"", ""55356"", ""554"", ""55503"", ""55508"", ""5551"", ""55515"", ""55530"", ""55532"", ""5563"", ""55630"", ""55640"", ""5565"", ""5566"", ""5567"", ""55670"", ""55676"", ""5568"", ""5573"", ""55746"", ""5575"", ""55754"", ""5576"", ""5577"", ""55799"", ""55800"", ""5581"", ""55867"", ""55917"", ""55972"", ""55974"", ""5621"", ""56262"", ""563"", ""56301"", 
""56479"", ""5649"", ""56606"", ""5663"", ""56659"", ""56666"", ""56704"", ""56918"", ""56923"", ""56993"", ""57030"", ""57053"", ""57084"", ""57101"", ""57113"", ""57122"", ""57127"", ""57130"", ""57153"", ""57156"", ""57158"", ""57181"", ""57192"", ""57194"", ""57198"", ""57205"", ""57282"", ""57338"", ""57348"", ""57369"", ""57380"", ""57419"", ""57463"", ""57582"", ""57620"", ""57628"", ""57657"", ""57709"", ""57719"", ""5774"", ""578"", ""57835"", ""57864"", ""581"", ""5824"", ""5825"", ""5826"", ""5828"", ""5830"", ""5894"", ""5903"", ""5923"", ""5924"", ""59283"", ""59284"", ""59341"", ""596"", ""5978"", 
""5987"", ""6005"", ""6041"", ""60482"", ""6059"", ""60598"", ""6233"", ""6253"", ""6261"", ""6262"", ""6263"", ""6271"", ""6277"", ""63027"", ""6323"", ""6326"", ""6327"", ""6328"", ""6329"", ""6330"", ""6332"", ""6335"", ""6337"", ""6338"", ""6339"", ""6347"", ""6387"", ""63895"", ""63910"", ""63982"", ""6406"", ""64078"", ""64116"", ""64137"", ""64220"", ""64240"", ""64241"", ""6446"", ""64805"", ""64849"", ""64924"", ""65010"", ""65012"", ""6505"", ""6506"", ""6507"", ""6508"", ""6509"", ""6510"", ""6511"", ""6512"", ""6513"", ""6514"", ""6515"", ""6517"", ""6518"", ""6519"", ""652"", ""6520"", ""6521"", ""6522"", 
""6523"", ""6524"", ""6526"", ""65267"", ""65268"", ""6528"", ""6529"", ""6531"", ""6533"", ""6534"", ""6535"", ""6536"", ""6538"", ""6539"", ""6540"", ""6541"", ""6542"", ""6543"", ""6545"", ""6546"", ""6547"", ""6548"", ""6549"", ""6550"", ""6553"", ""6554"", ""6555"", ""6556"", ""6557"", ""6558"", ""6559"", ""6560"", ""6561"", ""6563"", ""6564"", ""6566"", ""6567"", ""6569"", ""6571"", ""6572"", ""6573"", ""6574"", ""6575"", ""6576"", ""6578"", ""6579"", ""6580"", ""6581"", ""6582"", ""6583"", ""6584"", ""6588"", ""66035"", ""6640"", ""6690"", ""6729"", ""6781"", ""6786"", ""6833"", ""6834"", ""6890"", ""6891"", ""7018"", 
""7037"", ""7057"", ""7175"", ""7220"", ""7222"", ""7224"", ""7225"", ""7226"", ""728661"", ""729025"", ""7311"", ""7314"", ""7316"", ""7341"", ""7349"", ""7355"", ""7384"", ""7386"", ""7388"", ""7402"", ""7416"", ""7417"", ""7419"", ""7442"", ""7531"", ""7533"", ""760"", ""773"", ""774"", ""775"", ""776"", ""777"", ""7779"", ""7780"", ""7781"", ""7782"", ""7784"", ""779"", ""7809"", ""781"", ""782"", ""783"", ""785"", ""786"", ""788"", ""7881"", ""79026"", ""79041"", ""79054"", ""79085"", ""7922"", ""79572"", ""79751"", ""79901"", ""79902"", ""7991"", ""79939"", ""8001"", ""80024"", ""8021"", ""80228"", ""80333"", ""8034"", 
""805"", ""8065"", ""80704"", ""80727"", ""80736"", ""8086"", ""81"", ""81031"", ""81033"", ""8140"", ""81539"", ""817"", ""8170"", ""81796"", ""81831"", ""81855"", ""81929"", ""8273"", ""83447"", ""83697"", ""83752"", ""83795"", ""83959"", ""83985"", ""84061"", ""84068"", ""84102"", ""84134"", ""84179"", ""84239"", ""84255"", ""84275"", ""84286"", ""84329"", ""844"", ""845"", ""84561"", ""84641"", ""84679"", ""84694"", ""84701"", ""84766"", ""8480"", ""84804"", ""84879"", ""84889"", ""84912"", ""84975"", ""8501"", ""85019"", ""8504"", ""8514"", ""85320"", ""85413"", ""85414"", ""8542"", ""857"", ""8573"", ""859"", 
""8604"", ""8639"", ""8645"", ""8647"", ""8660"", ""8671"", ""8714"", ""8737"", ""8766"", ""88"", ""8811"", ""8884"", ""8894"", ""8912"", ""8913"", ""89822"", ""89845"", ""89874"", ""8989"", ""9001"", ""90134"", ""9022"", ""9033"", ""90423"", ""90550"", ""9056"", ""9057"", ""9058"", ""9104"", ""9107"", ""9114"", ""9120"", ""9121"", ""9122"", ""9123"", ""91252"", ""9127"", ""9132"", ""9141"", ""9152"", ""9153"", ""9154"", ""91689"", ""91749"", ""9177"", ""9187"", ""9194"", ""9197"", ""92270"", ""9254"", ""92609"", ""92745"", ""9296"", ""93107"", ""9311"", ""93129"", ""93380"", ""93589"", ""9368"", ""9376"", ""9377"", 
""9389"", ""9390"", ""9399"", ""94081"", ""9409"", ""94097"", ""94160"", ""9424"", ""9429"", ""9446"", ""9456"", ""9465"", ""9472"", ""9478"", ""949"", ""9497"", ""9498"", ""9550"", ""9605"", ""9619"", ""9631"", ""9635"", ""9688"", ""9722"", ""9780"", ""9804"", ""9818"", ""9843"", ""9847"", ""9868"", ""9883"", ""9899"", ""9900"", ""9906"", ""9914"", ""9943"", ""9948"", ""9962"", ""9963"", ""9972"", ""9973"", ""9990"", ""9992"")"
"49326","GO:0042391","regulation of membrane potential","Any process that modulates the establishment or extent of a membrane potential, the electric potential existing across any membrane arising from charges in the membrane itself and from the charges present in the media on either side of the membrane.",0.00100190573118108,"c(""10008"", ""10343"", ""10345"", ""10367"", ""10368"", ""10681"", ""11094"", ""11141"", ""114789"", ""117155"", ""117531"", ""117532"", ""1193"", ""123591"", ""125336"", ""140738"", ""140803"", ""160518"", ""168507"", ""1756"", ""1813"", ""196527"", ""219931"", ""2280"", ""2281"", ""22821"", ""23258"", ""23413"", ""24145"", ""255022"", ""255231"", ""25769"", ""259232"", ""26133"", ""2621"", ""27032"", ""27039"", ""27075"", ""27091"", ""27092"", ""2823"", ""287"", ""2902"", ""2917"", ""2946"", ""29850"", ""29979"", ""3064"", ""3270"", ""3306"", ""3685"", ""3708"", ""3709"", ""3710"", ""378807"", ""4308"", 
""444"", ""4644"", ""477"", ""481"", ""4842"", ""487"", ""4878"", ""488"", ""489"", ""490"", ""491"", ""492"", ""493"", ""4988"", ""5023"", ""5138"", ""51393"", ""5142"", ""5144"", ""5310"", ""5311"", ""5336"", ""53373"", ""5350"", ""54106"", ""54795"", ""54822"", ""55013"", ""55283"", ""55503"", ""5566"", ""55799"", ""5663"", ""56704"", ""57053"", ""57113"", ""57158"", ""57192"", ""57338"", ""57419"", ""57620"", ""59283"", ""59284"", ""59341"", ""6261"", ""6262"", ""6263"", ""6271"", ""64805"", ""652"", ""6546"", ""6547"", ""6548"", ""6588"", ""6786"", ""7220"", ""7222"", ""7224"", ""7225"", ""7226"", ""7341"", ""7442"", 
""773"", ""774"", ""775"", ""776"", ""777"", ""7784"", ""779"", ""781"", ""782"", ""783"", ""785"", ""786"", ""79026"", ""79054"", ""80024"", ""80228"", ""805"", ""8065"", ""817"", ""845"", ""84766"", ""859"", ""8912"", ""8913"", ""8989"", ""9001"", ""9033"", ""90550"", ""9104"", ""91689"", ""9187"", ""9254"", ""93129"", ""93589"", ""9446"", ""9472"", ""9478"", ""9722"", ""9914"", ""9992"")"
"51193","GO:0043252","sodium-independent organic anion transport","The directed, sodium-independent, movement of organic anions into, out of or within a cell, or between cells, by means of some agent such as a transporter or pore.",0.00847642137748095,"c(""481"", ""482"", ""483"")"
"57124","GO:0045796","negative regulation of intestinal cholesterol absorption","Any process that stops, prevents, or reduces the frequency, rate or extent of uptake of cholesterol into the blood by absorption from the intestine.",0.00637411553959831,"c(""10008"", ""10050"", ""100533105"", ""10060"", ""10110"", ""10142"", ""10165"", ""10166"", ""10237"", ""10242"", ""10246"", ""10312"", ""10343"", ""10345"", ""10367"", ""10368"", ""10396"", ""10463"", ""10476"", ""10478"", ""10479"", ""10568"", ""10599"", ""10632"", ""10681"", ""10723"", ""10768"", ""10786"", ""1080"", ""10861"", ""10864"", ""10971"", ""10998"", ""11046"", ""11059"", ""11060"", ""11094"", ""11136"", ""11141"", ""11261"", ""11280"", ""11309"", ""113235"", ""1134"", ""1136"", ""1138"", ""1139"", ""1140"", ""1141"", ""1142"", ""114789"", ""115019"", ""115286"", ""116085"", ""116369"", ""117155"", 
""117247"", ""117531"", ""117532"", ""1179"", ""1181"", ""1182"", ""1183"", ""1184"", ""1185"", ""1186"", ""1187"", ""1188"", ""118980"", ""1192"", ""1193"", ""119395"", ""119559"", ""120103"", ""121601"", ""123591"", ""124565"", ""124935"", ""125111"", ""125336"", ""1258"", ""1260"", ""127124"", ""131096"", ""1317"", ""1318"", ""1327"", ""1329"", ""133308"", ""133418"", ""133482"", ""1337"", ""1340"", ""1345"", ""1349"", ""1350"", ""1351"", ""1352"", ""1353"", ""1355"", ""1374"", ""1375"", ""1376"", ""1392"", ""1393"", ""1395"", ""140679"", ""140738"", ""140803"", ""142680"", ""144453"", ""145389"", ""148867"", 
""149111"", ""1499"", ""150159"", ""150160"", ""150684"", ""151258"", ""151473"", ""1520"", ""1528"", ""153129"", ""153201"", ""1536"", ""154043"", ""159963"", ""160518"", ""1612"", ""168507"", ""169522"", ""1739"", ""1742"", ""1756"", ""177"", ""1785"", ""1804"", ""1811"", ""1813"", ""183"", ""1836"", ""19"", ""1908"", ""1950"", ""196527"", ""203859"", ""2040"", ""2056"", ""206358"", ""207"", ""208"", ""2185"", ""219855"", ""219931"", ""220963"", ""221301"", ""2273"", ""2280"", ""22802"", ""2281"", ""22821"", ""22871"", ""22953"", ""23155"", ""23171"", ""23200"", ""23229"", ""23237"", ""23258"", ""23315"", 
""23327"", ""23400"", ""23413"", ""23416"", ""23443"", ""23516"", ""23530"", ""23542"", ""23545"", ""23630"", ""23678"", ""23704"", ""24145"", ""245972"", ""245973"", ""254228"", ""254263"", ""254428"", ""255022"", ""255231"", ""2554"", ""2555"", ""2556"", ""2557"", ""255738"", ""2559"", ""2560"", ""2561"", ""2563"", ""2564"", ""2565"", ""2567"", ""2568"", ""2570"", ""25769"", ""25800"", ""25874"", ""259232"", ""25932"", ""26"", ""26133"", ""2621"", ""26251"", ""26266"", ""2641"", ""26504"", ""266675"", ""267020"", ""2697"", ""27032"", ""27035"", ""27039"", ""27075"", ""27089"", ""27091"", ""27092"", ""27094"", 
""27109"", ""27133"", ""27173"", ""27347"", ""2741"", ""2742"", ""2743"", ""2745"", ""2823"", ""28231"", ""28234"", ""283238"", ""283518"", ""284111"", ""284129"", ""284439"", ""284525"", ""285175"", ""285195"", ""285242"", ""285335"", ""285641"", ""285966"", ""286133"", ""286410"", ""287"", ""288"", ""2890"", ""2891"", ""2892"", ""2895"", ""28962"", ""28968"", ""2897"", ""2898"", ""2899"", ""2902"", ""2903"", ""2905"", ""2906"", ""29098"", ""2917"", ""2946"", ""29850"", ""29979"", ""29985"", ""29986"", ""3064"", ""30818"", ""30820"", ""309"", ""30968"", ""32"", ""3249"", ""3270"", ""3306"", ""3357"", ""338440"", 
""338567"", ""339665"", ""340024"", ""340146"", ""341947"", ""343"", ""343450"", ""344905"", ""347734"", ""348932"", ""348980"", ""353189"", ""3551"", ""357"", ""358"", ""359"", ""360"", ""361"", ""362"", ""363"", ""364"", ""3685"", ""3708"", ""3709"", ""3710"", ""3736"", ""3737"", ""3738"", ""3739"", ""3741"", ""3742"", ""3744"", ""3745"", ""3746"", ""3747"", ""3748"", ""3749"", ""375"", ""3750"", ""3751"", ""3752"", ""3754"", ""3755"", ""3756"", ""3757"", ""3758"", ""3759"", ""3760"", ""3761"", ""3762"", ""3763"", ""3764"", ""3766"", ""3767"", ""3768"", ""3769"", ""3772"", ""3773"", ""3775"", ""3776"", ""3777"", ""3778"", 
""3779"", ""3781"", ""3782"", ""3783"", ""3784"", ""3785"", ""3786"", ""3788"", ""378807"", ""3790"", ""3792"", ""387601"", ""387700"", ""388591"", ""388662"", ""388753"", ""389015"", ""3927"", ""3958"", ""40"", ""4208"", ""4308"", ""4318"", ""441168"", ""441509"", ""444"", ""4644"", ""4697"", ""4734"", ""475"", ""476"", ""477"", ""478"", ""479"", ""480"", ""481"", ""482"", ""483"", ""4842"", ""486"", ""487"", ""4878"", ""488"", ""489"", ""4891"", ""490"", ""491"", ""492"", ""493"", ""4948"", ""495"", ""496"", ""498"", ""4986"", ""4988"", ""5023"", ""5024"", ""5025"", ""5026"", ""5027"", ""50488"", ""506"", ""50617"", ""50636"", 
""5074"", ""509"", ""50944"", ""51006"", ""51063"", ""51076"", ""51083"", ""51185"", ""51248"", ""51297"", ""513"", ""51310"", ""51312"", ""5138"", ""51382"", ""51393"", ""514"", ""5142"", ""51422"", ""5144"", ""51449"", ""51458"", ""515"", ""5155"", ""5159"", ""51606"", ""51660"", ""517"", ""51719"", ""5172"", ""5174"", ""51802"", ""5205"", ""521"", ""522"", ""523"", ""525"", ""5250"", ""526"", ""528"", ""5286"", ""529"", ""5310"", ""5311"", ""533"", ""5336"", ""53373"", ""534"", ""5348"", ""5349"", ""535"", ""5350"", ""5355"", ""537"", ""538"", ""53822"", ""53827"", ""53828"", ""539"", ""540"", ""54020"", ""54102"", 
""54106"", ""54207"", ""54407"", ""54413"", ""54433"", ""54716"", ""54795"", ""54822"", ""54831"", ""54896"", ""54946"", ""54997"", ""55002"", ""55013"", ""55089"", ""55107"", ""55117"", ""55129"", ""55151"", ""55238"", ""55244"", ""55283"", ""55503"", ""55508"", ""55515"", ""55530"", ""55532"", ""5563"", ""55630"", ""5565"", ""5566"", ""55676"", ""55799"", ""55800"", ""5581"", ""55867"", ""5621"", ""56262"", ""56301"", ""56479"", ""5649"", ""5663"", ""56659"", ""56704"", ""56923"", ""57030"", ""57053"", ""57084"", ""57101"", ""57113"", ""57127"", ""57130"", ""57156"", ""57158"", ""57192"", ""57194"", ""57198"", 
""57205"", ""57282"", ""57338"", ""57348"", ""57380"", ""57419"", ""57463"", ""57582"", ""57620"", ""57628"", ""57657"", ""57709"", ""57719"", ""5774"", ""578"", ""57835"", ""581"", ""5894"", ""5923"", ""5924"", ""59283"", ""59284"", ""59341"", ""5978"", ""5987"", ""6005"", ""60598"", ""6233"", ""6261"", ""6262"", ""6263"", ""6271"", ""6277"", ""63027"", ""6323"", ""6326"", ""6327"", ""6328"", ""6329"", ""6330"", ""6332"", ""6335"", ""6337"", ""6338"", ""6339"", ""6347"", ""6387"", ""63895"", ""63982"", ""6406"", ""64116"", ""6446"", ""64805"", ""64849"", ""64924"", ""65010"", ""65012"", ""6505"", ""6506"", ""6507"", 
""6508"", ""6509"", ""6511"", ""6512"", ""6519"", ""652"", ""6520"", ""6521"", ""6522"", ""65267"", ""65268"", ""6528"", ""6531"", ""6533"", ""6534"", ""6535"", ""6536"", ""6541"", ""6542"", ""6543"", ""6545"", ""6546"", ""6547"", ""6548"", ""6549"", ""6550"", ""6553"", ""6556"", ""6557"", ""6558"", ""6559"", ""6560"", ""6561"", ""6566"", ""6567"", ""6569"", ""6572"", ""6574"", ""6575"", ""6578"", ""6579"", ""6580"", ""6581"", ""6582"", ""6583"", ""6584"", ""6588"", ""6640"", ""6690"", ""6781"", ""6786"", ""6833"", ""6834"", ""7057"", ""7220"", ""7222"", ""7224"", ""7225"", ""7226"", ""728661"", ""7311"", ""7314"", ""7316"", 
""7341"", ""7349"", ""7355"", ""7384"", ""7386"", ""7388"", ""7402"", ""7416"", ""7417"", ""7419"", ""7442"", ""7531"", ""7533"", ""773"", ""774"", ""775"", ""776"", ""777"", ""7779"", ""7780"", ""7781"", ""7782"", ""7784"", ""779"", ""7809"", ""781"", ""782"", ""783"", ""785"", ""786"", ""788"", ""7881"", ""79026"", ""79041"", ""79054"", ""7922"", ""79572"", ""79751"", ""79939"", ""8001"", ""80024"", ""80228"", ""80333"", ""805"", ""8065"", ""80727"", ""81"", ""81033"", ""8140"", ""81539"", ""817"", ""81796"", ""81831"", ""81855"", ""83697"", ""83795"", ""83959"", ""84102"", ""84239"", ""84255"", ""84286"", ""84329"", 
""844"", ""845"", ""84561"", ""84679"", ""84701"", ""84766"", ""84889"", ""84912"", ""8501"", ""85019"", ""8504"", ""8514"", ""85413"", ""8542"", ""857"", ""8573"", ""859"", ""8604"", ""8639"", ""8645"", ""8647"", ""8660"", ""8671"", ""8737"", ""88"", ""8811"", ""8884"", ""8912"", ""8913"", ""89822"", ""8989"", ""9001"", ""90134"", ""9022"", ""9033"", ""90423"", ""90550"", ""9056"", ""9057"", ""9058"", ""9104"", ""9107"", ""9114"", ""9120"", ""9121"", ""9122"", ""9123"", ""91252"", ""9127"", ""9132"", ""91689"", ""9177"", ""9187"", ""9194"", ""92270"", ""9254"", ""92745"", ""9296"", ""93107"", ""9311"", ""93129"", ""93589"", 
""9368"", ""9376"", ""9377"", ""9399"", ""94081"", ""94097"", ""9424"", ""9446"", ""9456"", ""9465"", ""9472"", ""9478"", ""9497"", ""9498"", ""9550"", ""9605"", ""9635"", ""9722"", ""9780"", ""9906"", ""9914"", ""9943"", ""9948"", ""9963"", ""9973"", ""9990"", ""9992"")"
"59729","GO:0046588","negative regulation of calcium-dependent cell-cell adhesion","Any process that stops, prevents, or reduces the frequency, rate or extent of calcium-dependent cell-cell adhesion.",0.00283328362660284,"10227"
"69341","GO:0050955","thermoception","The series of events required for an organism to receive a temperature stimulus, convert it to a molecular signal, and recognize and characterize the signal. Thermoception in larger animals is mainly done in the skin; mammals have at least two types of sensor, for detecting heat (temperatures above body temperature) and cold (temperatures below body temperature).",0.00283328362660284,"6509"
"69415","GO:0050968","detection of chemical stimulus involved in sensory perception of pain","The series of events involved in the perception of pain in which a chemical stimulus is received and converted into a molecular signal.",0.00283328362660284,"9197"
"75098","GO:0055080","cation homeostasis","Any process involved in the maintenance of an internal steady state of cations within an organism or cell.",0.00396352351637216,"c(""100533105"", ""10110"", ""10768"", ""11261"", ""1272"", ""128414"", ""150094"", ""150684"", ""154"", ""154043"", ""154215"", ""1739"", ""1756"", ""1760"", ""1785"", ""1813"", ""183"", ""2040"", ""207"", ""23171"", ""23327"", ""23678"", ""255738"", ""2745"", ""288"", ""29098"", ""3551"", ""375"", ""4734"", ""476"", ""477"", ""481"", ""482"", ""483"", ""4842"", ""4846"", ""486"", ""493"", ""5025"", ""5027"", ""51297"", ""5318"", ""5348"", ""5349"", ""53822"", ""53827"", ""53828"", ""54997"", ""55800"", ""5581"", ""5652"", ""57731"", ""5774"", ""6327"", ""6330"", ""6338"", ""6446"", ""65267"", ""65268"", ""6546"", 
""6548"", ""6550"", ""6640"", ""7040"", ""7402"", ""7533"", ""79570"", ""81"", ""817"", ""859"", ""9368"", ""9399"")"
"75100","GO:0055082","cellular chemical homeostasis","Any biological process involved in the maintenance of an internal steady state of a chemical at the level of the cell.",0.00283328362660284,"6509"
"75102","GO:0055085","transmembrane transport","The process in which a solute is transported from one side of a membrane to the other.",4.87329852893942e-06,"c(""100"", ""1001"", ""10014"", ""1017"", ""1019"", ""10227"", ""1025"", ""1026"", ""1027"", ""10309"", ""10400"", ""10451"", ""10512"", ""10560"", ""1063"", ""10682"", ""107"", ""10786"", ""10911"", ""10974"", ""11044"", ""11280"", ""113235"", ""1136"", ""113612"", ""1147"", ""116085"", ""117"", ""120"", ""120227"", ""123"", ""1277"", ""1312"", ""1317"", ""1361"", ""1373"", ""1374"", ""1385"", ""1392"", ""1393"", ""143"", ""146802"", ""1471"", ""148"", ""1499"", ""1503"", ""1535"", ""1543"", ""1544"", ""1548"", ""1549"", ""1553"", ""1555"", ""1557"", ""1558"", ""1559"", ""1565"", ""1571"", ""1576"", ""1580"", ""1583"", 
""1600"", ""1603"", ""1644"", ""1723"", ""177"", ""1788"", ""1789"", ""18"", ""1800"", ""1808"", ""1812"", ""1813"", ""1848"", ""1857"", ""1906"", ""1958"", ""20"", ""2016"", ""2018"", ""2027"", ""2033"", ""205"", ""21"", ""210"", ""2170"", ""218"", ""2180"", ""2185"", ""2203"", ""2235"", ""22843"", ""229"", ""23492"", ""2353"", ""2354"", ""2534"", ""2554"", ""2555"", ""2556"", ""2557"", ""2559"", ""2564"", ""2565"", ""2567"", ""2572"", ""25828"", ""26"", ""2621"", ""2625"", ""2626"", ""2627"", ""268"", ""2695"", ""27063"", ""2730"", ""2768"", ""2775"", ""2778"", ""2822"", ""284996"", ""2869"", ""2903"", ""29785"", ""301"", 
""3030"", ""3033"", ""3066"", ""3071"", ""3145"", ""3148"", ""3157"", ""3158"", ""3291"", ""3329"", ""335"", ""3351"", ""3356"", ""3357"", ""3358"", ""336"", ""3383"", ""340485"", ""3458"", ""3551"", ""3557"", ""3569"", ""358"", ""3586"", ""3624"", ""3651"", ""3675"", ""3725"", ""3726"", ""3727"", ""3746"", ""3757"", ""3767"", ""3777"", ""3784"", ""383"", ""3932"", ""3934"", ""3938"", ""3939"", ""3956"", ""4049"", ""4067"", ""4129"", ""4142"", ""4176"", ""4192"", ""4208"", ""4255"", ""4257"", ""4297"", ""4316"", ""4363"", ""445"", ""4504"", ""4609"", ""4646"", ""4688"", ""476"", ""4760"", ""4773"", ""478"", ""4780"", ""4824"", 
""4825"", ""4830"", ""4837"", ""4842"", ""4843"", ""4860"", ""4864"", ""4880"", ""4914"", ""4922"", ""495"", ""4968"", ""4982"", ""5009"", ""5019"", ""5021"", ""5027"", ""5078"", ""51083"", ""5138"", ""5139"", ""5141"", ""5142"", ""5155"", ""5174"", ""5205"", ""5228"", ""5243"", ""5244"", ""5447"", ""545"", ""5468"", ""5471"", ""54905"", ""5498"", ""55031"", ""55244"", ""5530"", ""5532"", ""5563"", ""55696"", ""55754"", ""5577"", ""5601"", ""5608"", ""5621"", ""567"", ""56918"", ""572"", ""5727"", ""5728"", ""5741"", ""5743"", ""5764"", ""578"", ""5797"", ""581"", ""58189"", ""5825"", ""5860"", ""5888"", ""590"", ""5911"", 
""595"", ""596"", ""5970"", ""5972"", ""5978"", ""5979"", ""6185"", ""6198"", ""624"", ""627"", ""6347"", ""63826"", ""64170"", ""642"", ""6422"", ""6423"", ""64240"", ""64241"", ""6506"", ""6507"", ""6538"", ""6546"", ""6548"", ""6569"", ""6573"", ""6580"", ""6581"", ""6582"", ""6584"", ""65985"", ""6609"", ""6622"", ""6647"", ""6652"", ""6720"", ""6728"", ""6729"", ""673"", ""6730"", ""6731"", ""6750"", ""6760"", ""6770"", ""6774"", ""6833"", ""6868"", ""6906"", ""6929"", ""70"", ""7037"", ""7040"", ""7050"", ""7054"", ""7057"", ""706"", ""7067"", ""7077"", ""7079"", ""7150"", ""7157"", ""7161"", ""7298"", ""7356"", ""7372"", 
""7386"", ""7423"", ""7436"", ""7494"", ""7508"", ""7514"", ""7515"", ""762"", ""768"", ""790"", ""79897"", ""8061"", ""80704"", ""80781"", ""8091"", ""811"", ""81609"", ""8321"", ""836"", ""8412"", ""8438"", ""8443"", ""847"", ""857"", ""8648"", ""8651"", ""8836"", ""8893"", ""891"", ""898"", ""8989"", ""9021"", ""9027"", ""9370"", ""942"", ""9429"", ""9447"", ""9474"", ""9501"", ""952"", ""9647"", ""969"", ""9759"", ""999"", ""9992"")"
"78531","GO:0070588","calcium ion transmembrane transport","A process in which a calcium ion is transported from one side of a membrane to the other by means of some agent such as a transporter or pore.",0.000506758316108762,"c(""3759"", ""3778"", ""476"", ""477"", ""478"", ""479"", ""480"", ""481"", ""482"", ""483"", ""495"", ""817"")"
"79856","GO:0071312","cellular response to alkaloid","Any process that results in a change in state or activity of a cell (in terms of movement, secretion, enzyme production, gene expression, etc.) as a result of an alkaloid stimulus. Alkaloids are a large group of nitrogenous substances found in naturally in plants, many of which have extracts that are pharmacologically active.",0.00847642137748095,"c(""11136"", ""6509"", ""6519"")"
"80036","GO:0071436","sodium ion export","The directed movement of sodium ions out of a cell or organelle.",0.00565875042417108,"c(""2743"", ""8001"")"
"83026","GO:0086010","membrane depolarization during action potential","The process in which membrane potential changes in the depolarizing direction from the negative resting potential towards the positive membrane potential that will be the peak of the action potential.",0.00390489394741613,"c(""1134"", ""1136"", ""1138"", ""1139"", ""1140"", ""1141"", ""1142"", ""1268"", ""18"", ""1812"", ""1813"", ""1906"", ""2876"", ""3066"", ""3162"", ""3596"", ""3651"", ""3767"", ""477"", ""4790"", ""4825"", ""4842"", ""4914"", ""57053"", ""572"", ""596"", ""5970"", ""6464"", ""6770"", ""7054"", ""7124"", ""836"", ""9456"")"
"83126","GO:0086064","cell communication by electrical coupling involved in cardiac conduction","The process that mediates signaling interactions between one cell and another cell by transfer of current between their adjacent cytoplasms via intercellular protein channels and contributes to the process of cardiac conduction.",0.000423054591409688,"c(""476"", ""477"", ""478"", ""479"", ""480"", ""481"", ""482"", ""483"", ""486"", ""495"", ""5348"")"
"84039","GO:0097037","heme export","The directed movement of heme out of a cell or organelle.",0.00283328362660284,"8989"
"84151","GO:0097112","gamma-aminobutyric acid receptor clustering","The receptor clustering process in which gamma-aminobutyric acid (GABA) receptors are localized to distinct domains in the cell membrane.",0.00847642137748095,"c(""7442"", ""79054"", ""8989"")"
"84417","GO:0097274","urea homeostasis","Any biological process involved in the maintenance of an internal steady state of urea.",0.00565875042417108,"c(""64240"", ""64241"")"
"84550","GO:0097369","sodium ion import","The directed movement of sodium ions into a cell or organelle.",0.00565875042417108,"c(""6546"", ""6548"")"
"85256","GO:0098655","cation transmembrane transport","A process in which a cation is transported from one side of a membrane to the other by means of some agent such as a transporter or pore.",0.00323434934066506,"c(""1392"", ""1393"", ""1644"", ""1958"", ""199"", ""23514"", ""2946"", ""3351"", ""3383"", ""3767"", ""4790"", ""4914"", ""4988"", ""5328"", ""57190"", ""572"", ""5888"", ""5970"", ""598"", ""6261"", ""6262"", ""6263"", ""641"", ""6546"", ""6569"", ""6770"", ""7054"", ""7124"", ""7442"", ""845"")"
"85257","GO:0098656","anion transmembrane transport","A process in which an anion is transported from one side of a membrane to the other by means of some agent such as a transporter or pore.",0.00283328362660284,"28982"
"85340","GO:0098771","inorganic ion homeostasis","Any process involved in the maintenance of an internal steady state of inorganic ions within an organism or cell.",0.00116222578640318,"c(""10345"", ""2281"", ""2697"", ""3270"", ""476"", ""477"", ""478"", ""481"", ""482"", ""5144"", ""5318"", ""5566"", ""6262"", ""6546"", ""775"", ""805"", ""817"", ""857"")"
"103233","GO:1902476","chloride transmembrane transport","The directed movement of chloride across a membrane.",0.00565875042417108,"c(""7021"", ""79085"")"
"109791","GO:1903288","positive regulation of potassium ion import","Any process that activates or increases the frequency, rate or extent of potassium ion import.",0.00414156359194863,"c(""11280"", ""117155"", ""123591"", ""219931"", ""259232"", ""287"", ""288"", ""29098"", ""3757"", ""3759"", ""378807"", ""477"", ""53373"", ""55800"", ""5774"", ""6323"", ""6326"", ""6327"", ""6328"", ""6329"", ""6330"", ""6332"", ""6335"", ""6546"", ""7533"", ""773"", ""774"", ""775"", ""776"", ""777"", ""779"", ""859"", ""8912"", ""8913"")"
"124063","GO:2000649","regulation of sodium ion transmembrane transporter activity","Any process that modulates the frequency, rate or extent of sodium ion transmembrane transporter activity.",0.000189810897206123,"c(""1001"", ""10083"", ""1020"", ""10231"", ""10242"", ""10253"", ""10265"", ""1027"", ""10319"", ""1032"", ""10347"", ""10368"", ""10396"", ""10522"", ""10533"", ""10636"", ""10678"", ""10692"", ""107"", ""10716"", ""10752"", ""10769"", ""10804"", ""10810"", ""10874"", ""10893"", ""109"", ""10941"", ""11081"", ""111"", ""11133"", ""11202"", ""1121"", ""112476"", ""11272"", ""1128"", ""11280"", ""11281"", ""1129"", ""1131"", ""1132"", ""113278"", ""1133"", ""1134"", ""11343"", ""1136"", ""1138"", ""1139"", ""114"", ""1140"", ""1141"", ""1142"", ""114781"", ""117194"", ""117531"", ""117532"", ""119678"", ""119687"", 
""119765"", ""1200"", ""120066"", ""120775"", ""121275"", ""121364"", ""123016"", ""123803"", ""124590"", ""125336"", ""1258"", ""1260"", ""1268"", ""1269"", ""127069"", ""127077"", ""127623"", ""1277"", ""1280"", ""128366"", ""128367"", ""128368"", ""1285"", ""129880"", ""1301"", ""130507"", ""130557"", ""131118"", ""1312"", ""131890"", ""134430"", ""134864"", ""135946"", ""1385"", ""138803"", ""1392"", ""1393"", ""139411"", ""1395"", ""140469"", ""1406"", ""1415"", ""1417"", ""1428"", ""1429"", ""143502"", ""143503"", ""146"", ""146183"", ""1469"", ""1470"", ""1472"", ""148"", ""1496"", ""1501"", ""150681"", 
""151556"", ""152"", ""1524"", ""152789"", ""153562"", ""154"", ""1545"", ""158046"", ""158131"", ""16"", ""161497"", ""1621"", ""164312"", ""1687"", ""1690"", ""1729"", ""1740"", ""1742"", ""1759"", ""1804"", ""1812"", ""1813"", ""1816"", ""183"", ""1855"", ""186"", ""1901"", ""1906"", ""1910"", ""1956"", ""1958"", ""195814"", ""1979"", ""1996"", ""2033"", ""2034"", ""2048"", ""2070"", ""2140"", ""2149"", ""2173"", ""219428"", ""219437"", ""219464"", ""219479"", ""219873"", ""219874"", ""219875"", ""219958"", ""219960"", ""219981"", ""220"", ""220074"", ""2202"", ""222662"", ""2237"", ""2258"", ""2260"", ""2281"", 
""22829"", ""22871"", ""22941"", ""22953"", ""22986"", ""22999"", ""2307"", ""23111"", ""23114"", ""23236"", ""23237"", ""23287"", ""23316"", ""2334"", ""23373"", ""23394"", ""23405"", ""23432"", ""2353"", ""23542"", ""23543"", ""2395"", ""240"", ""24139"", ""25"", ""2515"", ""2534"", ""2535"", ""2548"", ""255022"", ""2554"", ""2555"", ""2556"", ""2557"", ""2559"", ""2560"", ""2561"", ""256144"", ""2563"", ""2564"", ""2565"", ""2567"", ""2568"", ""2570"", ""25769"", ""25836"", ""25861"", ""259236"", ""259285"", ""25946"", ""25953"", ""25978"", ""26018"", ""26047"", ""26058"", ""26245"", ""26248"", ""26338"", ""2636"", 
""2643"", ""26504"", ""26517"", ""26519"", ""26520"", ""26521"", ""26533"", ""26658"", ""26659"", ""26664"", ""26683"", ""26693"", ""26696"", ""26735"", ""2695"", ""27"", ""2706"", ""27091"", ""27092"", ""27094"", ""27241"", ""27242"", ""273"", ""2741"", ""2742"", ""2743"", ""2744"", ""2760"", ""2764"", ""2774"", ""2778"", ""2780"", ""2782"", ""2821"", ""282763"", ""282775"", ""283159"", ""283162"", ""283310"", ""283365"", ""284383"", ""2844"", ""285093"", ""2852"", ""285242"", ""285331"", ""285440"", ""285659"", ""286262"", ""286365"", ""2876"", ""288"", ""2890"", ""2895"", ""2898"", ""28983"", ""28987"", ""29"", 
""2902"", ""2903"", ""2905"", ""2906"", ""2911"", ""2914"", ""2915"", ""2917"", ""2918"", ""29767"", ""2979"", ""29850"", ""2986"", ""29991"", ""30012"", ""3060"", ""3064"", ""3074"", ""30818"", ""3082"", ""3084"", ""3091"", ""3122"", ""314"", ""3156"", ""3198"", ""3226"", ""3249"", ""3257"", ""3269"", ""3274"", ""334"", ""3356"", ""3358"", ""3360"", ""3375"", ""3383"", ""338398"", ""338557"", ""338674"", ""338917"", ""341152"", ""341568"", ""343171"", ""343406"", ""344892"", ""345193"", ""3458"", ""346007"", ""346528"", ""347169"", ""349149"", ""351"", ""3557"", ""3569"", ""3586"", ""3593"", ""3675"", ""3678"", 
""3688"", ""3710"", ""3725"", ""3736"", ""3737"", ""3751"", ""3756"", ""3766"", ""3767"", ""3776"", ""3778"", ""3784"", ""3785"", ""3801"", ""3815"", ""387748"", ""388531"", ""388551"", ""388939"", ""389090"", ""389207"", ""390038"", ""390059"", ""390061"", ""390066"", ""390144"", ""390154"", ""390155"", ""390157"", ""390201"", ""390261"", ""390442"", ""391107"", ""391109"", ""391114"", ""391191"", ""3913"", ""392138"", ""3973"", ""3983"", ""40"", ""400746"", ""401427"", ""401665"", ""402317"", ""4025"", ""403253"", ""4060"", ""4070"", ""4099"", ""412"", ""4130"", ""4192"", ""4204"", ""4208"", ""4308"", ""4311"", 
""440153"", ""441308"", ""441509"", ""441639"", ""441669"", ""441670"", ""441911"", ""442191"", ""442194"", ""4628"", ""4640"", ""4644"", ""4646"", ""4647"", ""4649"", ""4683"", ""4693"", ""4715"", ""4761"", ""4763"", ""477"", ""478"", ""4804"", ""4835"", ""4842"", ""4856"", ""4885"", ""4886"", ""4887"", ""4891"", ""4897"", ""4900"", ""4909"", ""491"", ""4914"", ""4915"", ""4922"", ""4935"", ""4942"", ""494513"", ""4976"", ""4985"", ""4986"", ""4988"", ""4990"", ""501"", ""5021"", ""5023"", ""5024"", ""5025"", ""5027"", ""5028"", ""5029"", ""5048"", ""5058"", ""50617"", ""5071"", ""5074"", ""5076"", ""5077"", ""5080"", 
""5082"", ""50834"", ""5090"", ""50944"", ""51168"", ""51176"", ""51247"", ""51308"", ""5132"", ""51393"", ""5141"", ""5144"", ""5145"", ""5147"", ""51473"", ""5153"", ""5172"", ""5176"", ""51761"", ""51764"", ""5179"", ""5205"", ""525"", ""5269"", ""5284"", ""5304"", ""5306"", ""5330"", ""53358"", ""5368"", ""53904"", ""53942"", ""54084"", ""54112"", ""54207"", ""54413"", ""54463"", ""5456"", ""54567"", ""5459"", ""5470"", ""54729"", ""5475"", ""54831"", ""54982"", ""55"", ""55084"", ""55107"", ""55180"", ""55212"", ""55236"", ""55273"", ""5532"", ""55330"", ""5538"", ""55636"", ""5575"", ""5577"", ""55800"", ""55812"", 
""5582"", ""5590"", ""5594"", ""5595"", ""5621"", ""56288"", ""563"", ""5649"", ""5663"", ""56751"", ""56914"", ""56925"", ""57010"", ""57030"", ""57053"", ""57096"", ""57144"", ""57152"", ""57214"", ""5726"", ""5728"", ""57338"", ""57369"", ""5742"", ""5743"", ""57477"", ""57502"", ""57616"", ""5764"", ""57728"", ""57731"", ""5803"", ""582"", ""583"", ""585"", ""58503"", ""58524"", ""5864"", ""5875"", ""5876"", ""5881"", ""590"", ""5923"", ""59272"", ""59283"", ""59284"", ""59340"", ""59344"", ""594857"", ""5950"", ""5961"", ""6004"", ""60626"", ""60675"", ""6096"", ""6100"", ""6101"", ""6102"", ""6103"", ""613"", 
""6169"", ""6196"", ""6198"", ""623"", ""627"", ""6285"", ""6310"", ""6311"", ""6314"", ""6323"", ""6326"", ""6328"", ""6329"", ""6332"", ""6335"", ""6337"", ""6338"", ""6339"", ""6343"", ""63895"", ""64067"", ""64072"", ""64108"", ""64220"", ""6425"", ""643226"", ""644168"", ""6446"", ""64699"", ""6484"", ""6495"", ""65009"", ""6507"", ""6509"", ""6529"", ""6531"", ""6548"", ""6558"", ""6591"", ""6616"", ""6647"", ""6722"", ""673"", ""6863"", ""6865"", ""6899"", ""6900"", ""6907"", ""6939"", ""6940"", ""7007"", ""7020"", ""7045"", ""7054"", ""7067"", ""7068"", ""7078"", ""7082"", ""7101"", ""7122"", ""7137"", ""7143"", 
""7275"", ""728"", ""7288"", ""7299"", ""7345"", ""7349"", ""7401"", ""7416"", ""7432"", ""7436"", ""7442"", ""745"", ""7466"", ""7480"", ""765"", ""773"", ""775"", ""776"", ""777"", ""783"", ""7832"", ""785"", ""7873"", ""7881"", ""79054"", ""79290"", ""793"", ""79324"", ""79473"", ""79541"", ""79544"", ""7957"", ""79738"", ""7991"", ""8001"", ""80055"", ""8013"", ""80204"", ""80207"", ""8061"", ""80763"", ""80781"", ""80835"", ""8086"", ""81061"", ""81127"", ""81300"", ""81309"", ""81392"", ""814"", ""81442"", ""81472"", ""816"", ""81696"", ""8195"", ""8312"", ""8322"", ""83597"", ""836"", ""83641"", ""83700"", ""83715"", 
""83756"", ""83872"", ""84061"", ""84100"", ""84140"", ""84152"", ""84189"", ""8419"", ""84197"", ""84530"", ""84694"", ""84839"", ""84896"", ""8506"", ""8508"", ""8514"", ""8516"", ""85461"", ""8622"", ""874"", ""8811"", ""885"", ""8850"", ""887"", ""8898"", ""8925"", ""89797"", ""8989"", ""9033"", ""9038"", ""90410"", ""9094"", ""9096"", ""9132"", ""9162"", ""9177"", ""9187"", ""9227"", ""9249"", ""9293"", ""9311"", ""93145"", ""93589"", ""9368"", ""9369"", ""9381"", ""93986"", ""94233"", ""9451"", ""9486"", ""9497"", ""9543"", ""9607"", ""9610"", ""9626"", ""9750"", ""9860"", ""9867"", ""9896"", ""9921"", ""9948"", 
""9980"", ""9993"")"
